uid,domainID,siteID,namedLocation,sampleID,sampleCode,startDate,collectDate,laboratoryName,wavelength,decadicAbsorbance,cuvetteLength,analysisDate,spectrumReplicateID,remarks,dataQF
"d03e3fba-12b1-4242-bd85-4bcb01b22dcc","D02","POSE","POSE.AOS.S2","POSE.SS.20231212.FIL","A00000325110","2023-12-12T13:04Z","2023-12-12T13:04Z","Illinois State Water Survey Central Analytical Laboratory",396.0,0.01690,1,"2023-12-14","A",,
"e8e4bbd1-eb52-47fb-88cb-aa82adcc458d","D02","POSE","POSE.AOS.S2","POSE.SS.20231212.FIL","A00000325110","2023-12-12T13:04Z","2023-12-12T13:04Z","Illinois State Water Survey Central Analytical Laboratory",396.0,0.01690,1,"2023-12-14","B",,
"366c641f-d57d-42b9-b846-d93cb52351f0","D02","POSE","POSE.AOS.S2","POSE.SS.20231212.FIL","A00000325110","2023-12-12T13:04Z","2023-12-12T13:04Z","Illinois State Water Survey Central Analytical Laboratory",554.0,0.00330,1,"2023-12-14","B",,
"492774af-3380-4a85-b351-c4ccb60ba10a","D02","POSE","POSE.AOS.S2","POSE.SS.20231212.FIL","A00000325110","2023-12-12T13:04Z","2023-12-12T13:04Z","Illinois State Water Survey Central Analytical Laboratory",280.0,0.08320,1,"2023-12-14","A",,
"d4b6ce57-35cc-408b-aa6a-d59044a72127","D02","POSE","POSE.AOS.S2","POSE.SS.20231212.FIL","A00000325110","2023-12-12T13:04Z","2023-12-12T13:04Z","Illinois State Water Survey Central Analytical Laboratory",246.0,0.11670,1,"2023-12-14","B",,
"b2dd836e-2a93-4baa-be04-88707676292b","D02","POSE","POSE.AOS.S2","POSE.SS.20231212.FIL","A00000325110","2023-12-12T13:04Z","2023-12-12T13:04Z","Illinois State Water Survey Central Analytical Laboratory",422.0,0.01160,1,"2023-12-14","B",,
"9185edf9-b8e7-48eb-9065-37e5a6787119","D02","POSE","POSE.AOS.S2","POSE.SS.20231212.FIL","A00000325110","2023-12-12T13:04Z","2023-12-12T13:04Z","Illinois State Water Survey Central Analytical Laboratory",556.0,0.00290,1,"2023-12-14","A",,
"88c9e501-0029-4645-8c04-9b2a19bf011a","D02","POSE","POSE.AOS.S2","POSE.SS.20231212.FIL","A00000325110","2023-12-12T13:04Z","2023-12-12T13:04Z","Illinois State Water Survey Central Analytical Laboratory",286.0,0.07800,1,"2023-12-14","B",,
"c5d12485-ef82-4c26-885a-7863b787cbc6","D02","POSE","POSE.AOS.S2","POSE.SS.20231212.FIL","A00000325110","2023-12-12T13:04Z","2023-12-12T13:04Z","Illinois State Water Survey Central Analytical Laboratory",362.0,0.02780,1,"2023-12-14","A",,
"89baaa95-655b-4978-bae7-f899a6878a28","D02","POSE","POSE.AOS.S2","POSE.SS.20231212.FIL","A00000325110","2023-12-12T13:04Z","2023-12-12T13:04Z","Illinois State Water Survey Central Analytical Laboratory",382.0,0.02060,1,"2023-12-14","B",,
"40451b9b-5083-4dd0-94a7-1bc2ecc60d59","D02","POSE","POSE.AOS.S2","POSE.SS.20231212.FIL","A00000325110","2023-12-12T13:04Z","2023-12-12T13:04Z","Illinois State Water Survey Central Analytical Laboratory",244.0,0.12060,1,"2023-12-14","B",,
"5d23b50c-7d18-4bf9-bbbf-a3448cb5ab63","D02","POSE","POSE.AOS.S2","POSE.SS.20231212.FIL","A00000325110","2023-12-12T13:04Z","2023-12-12T13:04Z","Illinois State Water Survey Central Analytical Laboratory",306.0,0.05970,1,"2023-12-14","A",,
"b3d277b5-f876-4f9e-baa5-7905f6a3a600","D02","POSE","POSE.AOS.S2","POSE.SS.20231212.FIL","A00000325110","2023-12-12T13:04Z","2023-12-12T13:04Z","Illinois State Water Survey Central Analytical Laboratory",280.0,0.08370,1,"2023-12-14","B",,
"88513199-4435-4620-913f-b8f2443d0562","D02","POSE","POSE.AOS.S2","POSE.SS.20231212.FIL","A00000325110","2023-12-12T13:04Z","2023-12-12T13:04Z","Illinois State Water Survey Central Analytical Laboratory",244.0,0.11990,1,"2023-12-14","A",,
"23427a67-0ab7-41ed-ad51-3f9d1cbd6c8f","D02","POSE","POSE.AOS.S2","POSE.SS.20231212.FIL","A00000325110","2023-12-12T13:04Z","2023-12-12T13:04Z","Illinois State Water Survey Central Analytical Laboratory",594.0,0.00230,1,"2023-12-14","B",,
"952f0d86-3253-4f64-9cfa-ab1d64950a86","D02","POSE","POSE.AOS.S2","POSE.SS.20231212.FIL","A00000325110","2023-12-12T13:04Z","2023-12-12T13:04Z","Illinois State Water Survey Central Analytical Laboratory",366.0,0.02640,1,"2023-12-14","A",,
"e30ef5e9-e5ae-4f7f-a6b6-605d1b06bf99","D02","POSE","POSE.AOS.S2","POSE.SS.20231212.FIL","A00000325110","2023-12-12T13:04Z","2023-12-12T13:04Z","Illinois State Water Survey Central Analytical Laboratory",420.0,0.01180,1,"2023-12-14","B",,
"cae36ab3-d6f8-4005-9f8a-d1910fc8b00a","D02","POSE","POSE.AOS.S2","POSE.SS.20231212.FIL","A00000325110","2023-12-12T13:04Z","2023-12-12T13:04Z","Illinois State Water Survey Central Analytical Laboratory",354.0,0.03130,1,"2023-12-14","B",,
"0a0af1f6-36bb-41cb-8ba3-3b5ea06a355c","D02","POSE","POSE.AOS.S2","POSE.SS.20231212.FIL","A00000325110","2023-12-12T13:04Z","2023-12-12T13:04Z","Illinois State Water Survey Central Analytical Laboratory",568.0,0.00280,1,"2023-12-14","B",,
"2b1f4c81-c1cf-4b0d-9b19-510922321d28","D02","POSE","POSE.AOS.S2","POSE.SS.20231212.FIL","A00000325110","2023-12-12T13:04Z","2023-12-12T13:04Z","Illinois State Water Survey Central Analytical Laboratory",334.0,0.04140,1,"2023-12-14","B",,
"9b25e0bc-010f-4e44-9355-8af67a91d55d","D02","POSE","POSE.AOS.S2","POSE.SS.20231212.FIL","A00000325110","2023-12-12T13:04Z","2023-12-12T13:04Z","Illinois State Water Survey Central Analytical Laboratory",312.0,0.05570,1,"2023-12-14","B",,
"e4f171d0-3d03-482b-ad9c-c2c0e765bb37","D02","POSE","POSE.AOS.S2","POSE.SS.20231212.FIL","A00000325110","2023-12-12T13:04Z","2023-12-12T13:04Z","Illinois State Water Survey Central Analytical Laboratory",264.0,0.09770,1,"2023-12-14","B",,
"05e9d557-a9ba-4c89-a6ce-9a10a4085987","D02","POSE","POSE.AOS.S2","POSE.SS.20231212.FIL","A00000325110","2023-12-12T13:04Z","2023-12-12T13:04Z","Illinois State Water Survey Central Analytical Laboratory",556.0,0.00310,1,"2023-12-14","B",,
"314d3aab-b14f-435b-9513-77c5723fa531","D02","POSE","POSE.AOS.S2","POSE.SS.20231212.FIL","A00000325110","2023-12-12T13:04Z","2023-12-12T13:04Z","Illinois State Water Survey Central Analytical Laboratory",454.0,0.00730,1,"2023-12-14","B",,
"2edef332-6012-4d44-bc60-13a385adfda3","D02","POSE","POSE.AOS.S2","POSE.SS.20231212.FIL","A00000325110","2023-12-12T13:04Z","2023-12-12T13:04Z","Illinois State Water Survey Central Analytical Laboratory",506.0,0.00450,1,"2023-12-14","A",,
"6c3c407a-9bcc-484c-a07a-8660222a6907","D02","POSE","POSE.AOS.S2","POSE.SS.20231212.FIL","A00000325110","2023-12-12T13:04Z","2023-12-12T13:04Z","Illinois State Water Survey Central Analytical Laboratory",468.0,0.00670,1,"2023-12-14","A",,
"6a577440-2a2d-48e4-8346-77c773f0eca3","D02","POSE","POSE.AOS.S2","POSE.SS.20231212.FIL","A00000325110","2023-12-12T13:04Z","2023-12-12T13:04Z","Illinois State Water Survey Central Analytical Laboratory",346.0,0.03480,1,"2023-12-14","A",,
"6e17475f-002c-4f99-9706-fc083914411a","D02","POSE","POSE.AOS.S2","POSE.SS.20231212.FIL","A00000325110","2023-12-12T13:04Z","2023-12-12T13:04Z","Illinois State Water Survey Central Analytical Laboratory",308.0,0.05870,1,"2023-12-14","B",,
"909b7817-f8cb-4dbf-9437-1cb87b15b979","D02","POSE","POSE.AOS.S2","POSE.SS.20231212.FIL","A00000325110","2023-12-12T13:04Z","2023-12-12T13:04Z","Illinois State Water Survey Central Analytical Laboratory",288.0,0.07590,1,"2023-12-14","B",,
"8c5a57fe-89a5-4532-a17b-8d152df56285","D02","POSE","POSE.AOS.S2","POSE.SS.20231212.FIL","A00000325110","2023-12-12T13:04Z","2023-12-12T13:04Z","Illinois State Water Survey Central Analytical Laboratory",528.0,0.00400,1,"2023-12-14","B",,
"6c9953f4-ac0d-484d-afa5-2365e8bfcf68","D02","POSE","POSE.AOS.S2","POSE.SS.20231212.FIL","A00000325110","2023-12-12T13:04Z","2023-12-12T13:04Z","Illinois State Water Survey Central Analytical Laboratory",418.0,0.01190,1,"2023-12-14","A",,
"14510187-e93f-4b31-a67e-f12741532c4a","D02","POSE","POSE.AOS.S2","POSE.SS.20231212.FIL","A00000325110","2023-12-12T13:04Z","2023-12-12T13:04Z","Illinois State Water Survey Central Analytical Laboratory",474.0,0.00630,1,"2023-12-14","A",,
"edeb1fbe-be7f-437c-b72b-e6eaeec9ba29","D02","POSE","POSE.AOS.S2","POSE.SS.20231212.FIL","A00000325110","2023-12-12T13:04Z","2023-12-12T13:04Z","Illinois State Water Survey Central Analytical Laboratory",356.0,0.03070,1,"2023-12-14","B",,
"9177dc9d-2b30-46e2-8866-dbc3b4cf36d9","D02","POSE","POSE.AOS.S2","POSE.SS.20231212.FIL","A00000325110","2023-12-12T13:04Z","2023-12-12T13:04Z","Illinois State Water Survey Central Analytical Laboratory",390.0,0.01820,1,"2023-12-14","B",,
"b9af00bd-639e-418a-97cd-019d332015c9","D02","POSE","POSE.AOS.S2","POSE.SS.20231212.FIL","A00000325110","2023-12-12T13:04Z","2023-12-12T13:04Z","Illinois State Water Survey Central Analytical Laboratory",484.0,0.00590,1,"2023-12-14","A",,
"2932649f-ecdb-4808-a9ca-371c9907fe1d","D02","POSE","POSE.AOS.S2","POSE.SS.20231212.FIL","A00000325110","2023-12-12T13:04Z","2023-12-12T13:04Z","Illinois State Water Survey Central Analytical Laboratory",544.0,0.00300,1,"2023-12-14","B",,
"c6ea3631-ac49-4185-a05b-83c6d2a95a44","D02","POSE","POSE.AOS.S2","POSE.SS.20231212.FIL","A00000325110","2023-12-12T13:04Z","2023-12-12T13:04Z","Illinois State Water Survey Central Analytical Laboratory",318.0,0.05100,1,"2023-12-14","A",,
"e7d0635b-e62e-4a93-81ba-3a6d176f3b3c","D02","POSE","POSE.AOS.S2","POSE.SS.20231212.FIL","A00000325110","2023-12-12T13:04Z","2023-12-12T13:04Z","Illinois State Water Survey Central Analytical Laboratory",372.0,0.02440,1,"2023-12-14","B",,
"46756e36-5d38-4903-9e78-5fee2f2f5bad","D02","POSE","POSE.AOS.S2","POSE.SS.20231212.FIL","A00000325110","2023-12-12T13:04Z","2023-12-12T13:04Z","Illinois State Water Survey Central Analytical Laboratory",428.0,0.01060,1,"2023-12-14","A",,
"2fdeba24-6681-4b6a-b6c9-5330032b49dd","D02","POSE","POSE.AOS.S2","POSE.SS.20231212.FIL","A00000325110","2023-12-12T13:04Z","2023-12-12T13:04Z","Illinois State Water Survey Central Analytical Laboratory",520.0,0.00320,1,"2023-12-14","A",,
"43c90723-38d9-46dc-bbb4-8911ff25777b","D02","POSE","POSE.AOS.S2","POSE.SS.20231212.FIL","A00000325110","2023-12-12T13:04Z","2023-12-12T13:04Z","Illinois State Water Survey Central Analytical Laboratory",334.0,0.04130,1,"2023-12-14","A",,
"45874c18-3245-4d1e-a73a-c8cc158c0bdd","D02","POSE","POSE.AOS.S2","POSE.SS.20231212.FIL","A00000325110","2023-12-12T13:04Z","2023-12-12T13:04Z","Illinois State Water Survey Central Analytical Laboratory",326.0,0.04620,1,"2023-12-14","B",,
"541e2b2f-e139-4faa-8084-93ca84d2d293","D02","POSE","POSE.AOS.S2","POSE.SS.20231212.FIL","A00000325110","2023-12-12T13:04Z","2023-12-12T13:04Z","Illinois State Water Survey Central Analytical Laboratory",268.0,0.09410,1,"2023-12-14","B",,
"cd58e9f2-3eee-43c7-94c8-ac8d2db4b2d9","D02","POSE","POSE.AOS.S2","POSE.SS.20231212.FIL","A00000325110","2023-12-12T13:04Z","2023-12-12T13:04Z","Illinois State Water Survey Central Analytical Laboratory",260.0,0.10150,1,"2023-12-14","B",,
"96bf6e5b-4a9f-41a8-8ca9-7e7d49af0537","D02","POSE","POSE.AOS.S2","POSE.SS.20231212.FIL","A00000325110","2023-12-12T13:04Z","2023-12-12T13:04Z","Illinois State Water Survey Central Analytical Laboratory",468.0,0.00680,1,"2023-12-14","B",,
"13ea6243-613e-4fbb-84e9-31bab487f73d","D02","POSE","POSE.AOS.S2","POSE.SS.20231212.FIL","A00000325110","2023-12-12T13:04Z","2023-12-12T13:04Z","Illinois State Water Survey Central Analytical Laboratory",338.0,0.03890,1,"2023-12-14","A",,
"90a3f1b9-1e8e-4a8a-8922-9cf29aa6abb0","D02","POSE","POSE.AOS.S2","POSE.SS.20231212.FIL","A00000325110","2023-12-12T13:04Z","2023-12-12T13:04Z","Illinois State Water Survey Central Analytical Laboratory",466.0,0.00660,1,"2023-12-14","B",,
"2fffcfe4-9a85-4db5-ab32-d877f705622c","D02","POSE","POSE.AOS.S2","POSE.SS.20231212.FIL","A00000325110","2023-12-12T13:04Z","2023-12-12T13:04Z","Illinois State Water Survey Central Analytical Laboratory",404.0,0.01520,1,"2023-12-14","B",,
"46b8eb27-2ab7-42c1-a989-1c10aecb56e9","D02","POSE","POSE.AOS.S2","POSE.SS.20231212.FIL","A00000325110","2023-12-12T13:04Z","2023-12-12T13:04Z","Illinois State Water Survey Central Analytical Laboratory",252.0,0.10860,1,"2023-12-14","A",,
"a9a6240f-2622-4007-ad7f-4ae5459794fe","D02","POSE","POSE.AOS.S2","POSE.SS.20231212.FIL","A00000325110","2023-12-12T13:04Z","2023-12-12T13:04Z","Illinois State Water Survey Central Analytical Laboratory",582.0,0.00250,1,"2023-12-14","A",,
"13cadcc3-4fad-40ae-b573-e3d05e087f59","D02","POSE","POSE.AOS.S2","POSE.SS.20231212.FIL","A00000325110","2023-12-12T13:04Z","2023-12-12T13:04Z","Illinois State Water Survey Central Analytical Laboratory",250.0,0.11200,1,"2023-12-14","B",,
"39e15a88-57d1-4e77-82bd-07d27bda2a56","D02","POSE","POSE.AOS.S2","POSE.SS.20231212.FIL","A00000325110","2023-12-12T13:04Z","2023-12-12T13:04Z","Illinois State Water Survey Central Analytical Laboratory",302.0,0.06330,1,"2023-12-14","B",,
"1559a8d7-7265-4551-ab6d-eb1bfee58a61","D02","POSE","POSE.AOS.S2","POSE.SS.20231212.FIL","A00000325110","2023-12-12T13:04Z","2023-12-12T13:04Z","Illinois State Water Survey Central Analytical Laboratory",456.0,0.00720,1,"2023-12-14","A",,
"391d42ff-06c4-412e-9dfe-fc09ef8b552c","D02","POSE","POSE.AOS.S2","POSE.SS.20231212.FIL","A00000325110","2023-12-12T13:04Z","2023-12-12T13:04Z","Illinois State Water Survey Central Analytical Laboratory",330.0,0.04340,1,"2023-12-14","A",,
"b2de52d9-1f94-4f4c-ab27-9c4a284a5ee2","D02","POSE","POSE.AOS.S2","POSE.SS.20231212.FIL","A00000325110","2023-12-12T13:04Z","2023-12-12T13:04Z","Illinois State Water Survey Central Analytical Laboratory",500.0,0.00470,1,"2023-12-14","B",,
"dca7a7f8-3d96-4c18-885b-069774c9b425","D02","POSE","POSE.AOS.S2","POSE.SS.20231212.FIL","A00000325110","2023-12-12T13:04Z","2023-12-12T13:04Z","Illinois State Water Survey Central Analytical Laboratory",510.0,0.00430,1,"2023-12-14","B",,
"a19eaf99-9d89-47a5-bccb-fde6ddbc31c2","D02","POSE","POSE.AOS.S2","POSE.SS.20231212.FIL","A00000325110","2023-12-12T13:04Z","2023-12-12T13:04Z","Illinois State Water Survey Central Analytical Laboratory",240.0,0.12780,1,"2023-12-14","B",,
"8e050b8a-0b62-459c-82e4-ef788bfeb52e","D02","POSE","POSE.AOS.S2","POSE.SS.20231212.FIL","A00000325110","2023-12-12T13:04Z","2023-12-12T13:04Z","Illinois State Water Survey Central Analytical Laboratory",496.0,0.00520,1,"2023-12-14","A",,
"dfc3ab27-41d9-451f-9bb4-712f756f418c","D02","POSE","POSE.AOS.S2","POSE.SS.20231212.FIL","A00000325110","2023-12-12T13:04Z","2023-12-12T13:04Z","Illinois State Water Survey Central Analytical Laboratory",448.0,0.00810,1,"2023-12-14","B",,
"de29d8af-80b9-425f-bb4d-dc92c40a4f0d","D02","POSE","POSE.AOS.S2","POSE.SS.20231212.FIL","A00000325110","2023-12-12T13:04Z","2023-12-12T13:04Z","Illinois State Water Survey Central Analytical Laboratory",444.0,0.00850,1,"2023-12-14","A",,
"8c4ae95a-ac50-4b58-b4c7-acc790ae36c9","D02","POSE","POSE.AOS.S2","POSE.SS.20231212.FIL","A00000325110","2023-12-12T13:04Z","2023-12-12T13:04Z","Illinois State Water Survey Central Analytical Laboratory",384.0,0.02020,1,"2023-12-14","B",,
"d7e524e2-bbd8-4f5f-94a3-efc21f730551","D02","POSE","POSE.AOS.S2","POSE.SS.20231212.FIL","A00000325110","2023-12-12T13:04Z","2023-12-12T13:04Z","Illinois State Water Survey Central Analytical Laboratory",232.0,0.14950,1,"2023-12-14","B",,
"8e024945-233a-4e03-afab-7aba4b564858","D02","POSE","POSE.AOS.S2","POSE.SS.20231212.FIL","A00000325110","2023-12-12T13:04Z","2023-12-12T13:04Z","Illinois State Water Survey Central Analytical Laboratory",398.0,0.01640,1,"2023-12-14","B",,
"0833c66a-39ea-43e6-95d4-87d9298361c6","D02","POSE","POSE.AOS.S2","POSE.SS.20231212.FIL","A00000325110","2023-12-12T13:04Z","2023-12-12T13:04Z","Illinois State Water Survey Central Analytical Laboratory",388.0,0.01900,1,"2023-12-14","A",,
"e78afd4d-f375-4aaa-aca3-ab71549a15c2","D02","POSE","POSE.AOS.S2","POSE.SS.20231212.FIL","A00000325110","2023-12-12T13:04Z","2023-12-12T13:04Z","Illinois State Water Survey Central Analytical Laboratory",360.0,0.02880,1,"2023-12-14","B",,
"fe2222e6-56b1-4639-bec8-76211fba6cc1","D02","POSE","POSE.AOS.S2","POSE.SS.20231212.FIL","A00000325110","2023-12-12T13:04Z","2023-12-12T13:04Z","Illinois State Water Survey Central Analytical Laboratory",356.0,0.03060,1,"2023-12-14","A",,
"2d69e754-b02d-4837-b87d-398ece056202","D02","POSE","POSE.AOS.S2","POSE.SS.20231212.FIL","A00000325110","2023-12-12T13:04Z","2023-12-12T13:04Z","Illinois State Water Survey Central Analytical Laboratory",254.0,0.10730,1,"2023-12-14","B",,
"087a83ae-3763-4fe9-b909-9ee09aa869d4","D02","POSE","POSE.AOS.S2","POSE.SS.20231212.FIL","A00000325110","2023-12-12T13:04Z","2023-12-12T13:04Z","Illinois State Water Survey Central Analytical Laboratory",532.0,0.00340,1,"2023-12-14","A",,
"ef0f6417-b65e-4c2b-a65b-1759b6ceb051","D02","POSE","POSE.AOS.S2","POSE.SS.20231212.FIL","A00000325110","2023-12-12T13:04Z","2023-12-12T13:04Z","Illinois State Water Survey Central Analytical Laboratory",306.0,0.05990,1,"2023-12-14","B",,
"98396716-589b-4235-80da-4ac625277b95","D02","POSE","POSE.AOS.S2","POSE.SS.20231212.FIL","A00000325110","2023-12-12T13:04Z","2023-12-12T13:04Z","Illinois State Water Survey Central Analytical Laboratory",536.0,0.00340,1,"2023-12-14","A",,
"a3248d2b-97f5-4fca-b3a7-e6eb5c259321","D02","POSE","POSE.AOS.S2","POSE.SS.20231212.FIL","A00000325110","2023-12-12T13:04Z","2023-12-12T13:04Z","Illinois State Water Survey Central Analytical Laboratory",338.0,0.03910,1,"2023-12-14","B",,
"51082e6d-d8d4-4bb2-81e1-ca50b9a9a98e","D02","POSE","POSE.AOS.S2","POSE.SS.20231212.FIL","A00000325110","2023-12-12T13:04Z","2023-12-12T13:04Z","Illinois State Water Survey Central Analytical Laboratory",578.0,0.00260,1,"2023-12-14","B",,
"6ac150bd-4093-463f-9b9c-b219251a1095","D02","POSE","POSE.AOS.S2","POSE.SS.20231212.FIL","A00000325110","2023-12-12T13:04Z","2023-12-12T13:04Z","Illinois State Water Survey Central Analytical Laboratory",440.0,0.00970,1,"2023-12-14","B",,
"a824959d-6ee3-4814-ad9e-7170ff422c4f","D02","POSE","POSE.AOS.S2","POSE.SS.20231212.FIL","A00000325110","2023-12-12T13:04Z","2023-12-12T13:04Z","Illinois State Water Survey Central Analytical Laboratory",406.0,0.01470,1,"2023-12-14","B",,
"00d141f0-0587-4b18-ab51-143238400781","D02","POSE","POSE.AOS.S2","POSE.SS.20231212.FIL","A00000325110","2023-12-12T13:04Z","2023-12-12T13:04Z","Illinois State Water Survey Central Analytical Laboratory",482.0,0.00630,1,"2023-12-14","B",,
"f2d71361-4f87-4f34-ab95-2470dec4d80e","D02","POSE","POSE.AOS.S2","POSE.SS.20231212.FIL","A00000325110","2023-12-12T13:04Z","2023-12-12T13:04Z","Illinois State Water Survey Central Analytical Laboratory",310.0,0.05720,1,"2023-12-14","B",,
"12e8b895-5c58-4aba-b0bd-0ed4710a0b31","D02","POSE","POSE.AOS.S2","POSE.SS.20231212.FIL","A00000325110","2023-12-12T13:04Z","2023-12-12T13:04Z","Illinois State Water Survey Central Analytical Laboratory",300.0,0.06470,1,"2023-12-14","B",,
"05aeb8ec-aa25-48ab-b4e0-9d34c5ede658","D02","POSE","POSE.AOS.S2","POSE.SS.20231212.FIL","A00000325110","2023-12-12T13:04Z","2023-12-12T13:04Z","Illinois State Water Survey Central Analytical Laboratory",274.0,0.08850,1,"2023-12-14","A",,
"f74879e7-3066-4b66-a072-ef31cdbe3130","D02","POSE","POSE.AOS.S2","POSE.SS.20231212.FIL","A00000325110","2023-12-12T13:04Z","2023-12-12T13:04Z","Illinois State Water Survey Central Analytical Laboratory",296.0,0.06750,1,"2023-12-14","A",,
"c9ae174e-da8e-4f6a-8a86-ad8e61854560","D02","POSE","POSE.AOS.S2","POSE.SS.20231212.FIL","A00000325110","2023-12-12T13:04Z","2023-12-12T13:04Z","Illinois State Water Survey Central Analytical Laboratory",242.0,0.12300,1,"2023-12-14","A",,
"f44b3bcb-c9d9-402f-9075-843a9a2bd979","D02","POSE","POSE.AOS.S2","POSE.SS.20231212.FIL","A00000325110","2023-12-12T13:04Z","2023-12-12T13:04Z","Illinois State Water Survey Central Analytical Laboratory",342.0,0.03660,1,"2023-12-14","A",,
"66b07256-9955-4466-b3e3-4c7c04d706ca","D02","POSE","POSE.AOS.S2","POSE.SS.20231212.FIL","A00000325110","2023-12-12T13:04Z","2023-12-12T13:04Z","Illinois State Water Survey Central Analytical Laboratory",458.0,0.00710,1,"2023-12-14","A",,
"9168f476-5ae8-4c2f-be8b-42e6f0a3a506","D02","POSE","POSE.AOS.S2","POSE.SS.20231212.FIL","A00000325110","2023-12-12T13:04Z","2023-12-12T13:04Z","Illinois State Water Survey Central Analytical Laboratory",424.0,0.01120,1,"2023-12-14","B",,
"717e325e-a119-41cb-ba65-551ba7e23dcb","D02","POSE","POSE.AOS.S2","POSE.SS.20231212.FIL","A00000325110","2023-12-12T13:04Z","2023-12-12T13:04Z","Illinois State Water Survey Central Analytical Laboratory",538.0,0.00340,1,"2023-12-14","A",,
"597186d1-af35-4c5b-91ae-06b50c063116","D02","POSE","POSE.AOS.S2","POSE.SS.20231212.FIL","A00000325110","2023-12-12T13:04Z","2023-12-12T13:04Z","Illinois State Water Survey Central Analytical Laboratory",432.0,0.01040,1,"2023-12-14","B",,
"91cdc596-e9bc-4860-bf17-84019a9f7b36","D02","POSE","POSE.AOS.S2","POSE.SS.20231212.FIL","A00000325110","2023-12-12T13:04Z","2023-12-12T13:04Z","Illinois State Water Survey Central Analytical Laboratory",364.0,0.02730,1,"2023-12-14","B",,
"654a4faa-1ed7-417a-9f71-bb9fb950c7ca","D02","POSE","POSE.AOS.S2","POSE.SS.20231212.FIL","A00000325110","2023-12-12T13:04Z","2023-12-12T13:04Z","Illinois State Water Survey Central Analytical Laboratory",450.0,0.00780,1,"2023-12-14","A",,
"d8a9adab-da7a-43da-ab6f-4fcf625414ab","D02","POSE","POSE.AOS.S2","POSE.SS.20231212.FIL","A00000325110","2023-12-12T13:04Z","2023-12-12T13:04Z","Illinois State Water Survey Central Analytical Laboratory",376.0,0.02280,1,"2023-12-14","A",,
"618f51d5-7977-4a4a-b359-a80c62eead2c","D02","POSE","POSE.AOS.S2","POSE.SS.20231212.FIL","A00000325110","2023-12-12T13:04Z","2023-12-12T13:04Z","Illinois State Water Survey Central Analytical Laboratory",232.0,0.14870,1,"2023-12-14","A",,
"6cb4ff82-ad8d-4514-8f34-6a28c9904e6e","D02","POSE","POSE.AOS.S2","POSE.SS.20231212.FIL","A00000325110","2023-12-12T13:04Z","2023-12-12T13:04Z","Illinois State Water Survey Central Analytical Laboratory",254.0,0.10660,1,"2023-12-14","A",,
"32ba3831-8f86-4945-a318-a37a55bcf7dd","D02","POSE","POSE.AOS.S2","POSE.SS.20231212.FIL","A00000325110","2023-12-12T13:04Z","2023-12-12T13:04Z","Illinois State Water Survey Central Analytical Laboratory",294.0,0.06990,1,"2023-12-14","B",,
"db04330d-6a5e-45af-8fbf-d148beb0b24c","D02","POSE","POSE.AOS.S2","POSE.SS.20231212.FIL","A00000325110","2023-12-12T13:04Z","2023-12-12T13:04Z","Illinois State Water Survey Central Analytical Laboratory",522.0,0.00320,1,"2023-12-14","A",,
"5f4b6c12-0c43-4c21-b467-002a3c15976c","D02","POSE","POSE.AOS.S2","POSE.SS.20231212.FIL","A00000325110","2023-12-12T13:04Z","2023-12-12T13:04Z","Illinois State Water Survey Central Analytical Laboratory",448.0,0.00810,1,"2023-12-14","A",,
"773be51c-4b3d-44f0-8569-30a2ddcacd65","D02","POSE","POSE.AOS.S2","POSE.SS.20231212.FIL","A00000325110","2023-12-12T13:04Z","2023-12-12T13:04Z","Illinois State Water Survey Central Analytical Laboratory",514.0,0.00350,1,"2023-12-14","A",,
"cddcb25a-915a-4960-8976-e88a6f7f1129","D02","POSE","POSE.AOS.S2","POSE.SS.20231212.FIL","A00000325110","2023-12-12T13:04Z","2023-12-12T13:04Z","Illinois State Water Survey Central Analytical Laboratory",550.0,0.00360,1,"2023-12-14","B",,
"9963d816-b5f7-4548-a8b9-1b2384ac38d3","D02","POSE","POSE.AOS.S2","POSE.SS.20231212.FIL","A00000325110","2023-12-12T13:04Z","2023-12-12T13:04Z","Illinois State Water Survey Central Analytical Laboratory",324.0,0.04710,1,"2023-12-14","A",,
"70ee8cb0-75c4-491c-be96-294e734c5f45","D02","POSE","POSE.AOS.S2","POSE.SS.20231212.FIL","A00000325110","2023-12-12T13:04Z","2023-12-12T13:04Z","Illinois State Water Survey Central Analytical Laboratory",292.0,0.07130,1,"2023-12-14","A",,
"f59c506e-d641-43ab-b00f-5573b1391ba6","D02","POSE","POSE.AOS.S2","POSE.SS.20231212.FIL","A00000325110","2023-12-12T13:04Z","2023-12-12T13:04Z","Illinois State Water Survey Central Analytical Laboratory",270.0,0.09220,1,"2023-12-14","B",,
"7d7026bc-2387-4058-b230-3e19397aa095","D02","POSE","POSE.AOS.S2","POSE.SS.20231212.FIL","A00000325110","2023-12-12T13:04Z","2023-12-12T13:04Z","Illinois State Water Survey Central Analytical Laboratory",370.0,0.02490,1,"2023-12-14","A",,
"940a8e82-491f-46f9-8bfe-338b019ef106","D02","POSE","POSE.AOS.S2","POSE.SS.20231212.FIL","A00000325110","2023-12-12T13:04Z","2023-12-12T13:04Z","Illinois State Water Survey Central Analytical Laboratory",332.0,0.04250,1,"2023-12-14","B",,
"a7d7b92a-7c4b-4e65-9305-1d45ded5ab03","D02","POSE","POSE.AOS.S2","POSE.SS.20231212.FIL","A00000325110","2023-12-12T13:04Z","2023-12-12T13:04Z","Illinois State Water Survey Central Analytical Laboratory",238.0,0.13140,1,"2023-12-14","A",,
"6be48ba0-77ba-4f06-b9c7-9e9b59f8b137","D02","POSE","POSE.AOS.S2","POSE.SS.20231212.FIL","A00000325110","2023-12-12T13:04Z","2023-12-12T13:04Z","Illinois State Water Survey Central Analytical Laboratory",444.0,0.00870,1,"2023-12-14","B",,
"e4733a3d-2e95-43d4-b08c-9190ebc93af1","D02","POSE","POSE.AOS.S2","POSE.SS.20231212.FIL","A00000325110","2023-12-12T13:04Z","2023-12-12T13:04Z","Illinois State Water Survey Central Analytical Laboratory",236.0,0.13630,1,"2023-12-14","A",,
"3c419ac7-04fc-4f8a-b48b-5bbfd6f9924f","D02","POSE","POSE.AOS.S2","POSE.SS.20231212.FIL","A00000325110","2023-12-12T13:04Z","2023-12-12T13:04Z","Illinois State Water Survey Central Analytical Laboratory",566.0,0.00330,1,"2023-12-14","B",,
"30dd9fa2-5059-49d3-96be-6c54f8fb8c1c","D02","POSE","POSE.AOS.S2","POSE.SS.20231212.FIL","A00000325110","2023-12-12T13:04Z","2023-12-12T13:04Z","Illinois State Water Survey Central Analytical Laboratory",242.0,0.12380,1,"2023-12-14","B",,
"388a024f-5612-499a-9664-df7d4c5f5731","D02","POSE","POSE.AOS.S2","POSE.SS.20231212.FIL","A00000325110","2023-12-12T13:04Z","2023-12-12T13:04Z","Illinois State Water Survey Central Analytical Laboratory",292.0,0.07180,1,"2023-12-14","B",,
"a2e7d8d9-eab2-4820-bc82-6f45901eb8e7","D02","POSE","POSE.AOS.S2","POSE.SS.20231212.FIL","A00000325110","2023-12-12T13:04Z","2023-12-12T13:04Z","Illinois State Water Survey Central Analytical Laboratory",550.0,0.00320,1,"2023-12-14","A",,
"39dc6f62-7507-4f92-b8ba-2d867c7259fb","D02","POSE","POSE.AOS.S2","POSE.SS.20231212.FIL","A00000325110","2023-12-12T13:04Z","2023-12-12T13:04Z","Illinois State Water Survey Central Analytical Laboratory",582.0,0.00250,1,"2023-12-14","B",,
"1a4404c5-020c-4e9c-b1d7-6a44eea9b3e2","D02","POSE","POSE.AOS.S2","POSE.SS.20231212.FIL","A00000325110","2023-12-12T13:04Z","2023-12-12T13:04Z","Illinois State Water Survey Central Analytical Laboratory",416.0,0.01210,1,"2023-12-14","B",,
"e21541b9-1cf0-45d0-ba80-4acf56cd1db0","D02","POSE","POSE.AOS.S2","POSE.SS.20231212.FIL","A00000325110","2023-12-12T13:04Z","2023-12-12T13:04Z","Illinois State Water Survey Central Analytical Laboratory",522.0,0.00380,1,"2023-12-14","B",,
"00108d33-0696-49e4-9f87-b15d00a64d3a","D02","POSE","POSE.AOS.S2","POSE.SS.20231212.FIL","A00000325110","2023-12-12T13:04Z","2023-12-12T13:04Z","Illinois State Water Survey Central Analytical Laboratory",318.0,0.05140,1,"2023-12-14","B",,
"02198e93-4f1e-4278-a5c9-4250d04590a0","D02","POSE","POSE.AOS.S2","POSE.SS.20231212.FIL","A00000325110","2023-12-12T13:04Z","2023-12-12T13:04Z","Illinois State Water Survey Central Analytical Laboratory",594.0,0.00200,1,"2023-12-14","A",,
"2df3f941-ad24-4210-b77f-a730b0ec23ab","D02","POSE","POSE.AOS.S2","POSE.SS.20231212.FIL","A00000325110","2023-12-12T13:04Z","2023-12-12T13:04Z","Illinois State Water Survey Central Analytical Laboratory",402.0,0.01570,1,"2023-12-14","B",,
"033dc8b4-22fd-4252-9133-f328ef1e36c1","D02","POSE","POSE.AOS.S2","POSE.SS.20231212.FIL","A00000325110","2023-12-12T13:04Z","2023-12-12T13:04Z","Illinois State Water Survey Central Analytical Laboratory",430.0,0.01040,1,"2023-12-14","A",,
"1bcbbe0c-37f2-49e0-9bae-01f4b942bd2a","D02","POSE","POSE.AOS.S2","POSE.SS.20231212.FIL","A00000325110","2023-12-12T13:04Z","2023-12-12T13:04Z","Illinois State Water Survey Central Analytical Laboratory",392.0,0.01780,1,"2023-12-14","B",,
"232311a3-474e-431c-a6d6-a6197df03758","D02","POSE","POSE.AOS.S2","POSE.SS.20231212.FIL","A00000325110","2023-12-12T13:04Z","2023-12-12T13:04Z","Illinois State Water Survey Central Analytical Laboratory",348.0,0.03400,1,"2023-12-14","B",,
"a031c475-35e4-4a82-bdc5-3b8f37906fdf","D02","POSE","POSE.AOS.S2","POSE.SS.20231212.FIL","A00000325110","2023-12-12T13:04Z","2023-12-12T13:04Z","Illinois State Water Survey Central Analytical Laboratory",282.0,0.08160,1,"2023-12-14","B",,
"15d7e2d0-e91b-4556-992e-ed23c1055119","D02","POSE","POSE.AOS.S2","POSE.SS.20231212.FIL","A00000325110","2023-12-12T13:04Z","2023-12-12T13:04Z","Illinois State Water Survey Central Analytical Laboratory",568.0,0.00270,1,"2023-12-14","A",,
"2335c8f0-1307-494a-b071-73ed64f111ab","D02","POSE","POSE.AOS.S2","POSE.SS.20231212.FIL","A00000325110","2023-12-12T13:04Z","2023-12-12T13:04Z","Illinois State Water Survey Central Analytical Laboratory",464.0,0.00680,1,"2023-12-14","A",,
"12dc0b36-44f2-43e3-a744-f9da3a2f1888","D02","POSE","POSE.AOS.S2","POSE.SS.20231212.FIL","A00000325110","2023-12-12T13:04Z","2023-12-12T13:04Z","Illinois State Water Survey Central Analytical Laboratory",540.0,0.00330,1,"2023-12-14","A",,
"4649608b-e609-47a4-b2d2-ab7deb9db8b1","D02","POSE","POSE.AOS.S2","POSE.SS.20231212.FIL","A00000325110","2023-12-12T13:04Z","2023-12-12T13:04Z","Illinois State Water Survey Central Analytical Laboratory",462.0,0.00650,1,"2023-12-14","B",,
"b6babc32-704a-4b99-a5bd-5fe2fc8d64e4","D02","POSE","POSE.AOS.S2","POSE.SS.20231212.FIL","A00000325110","2023-12-12T13:04Z","2023-12-12T13:04Z","Illinois State Water Survey Central Analytical Laboratory",316.0,0.05240,1,"2023-12-14","A",,
"b0909886-2688-4c8b-8735-ecdf6575e8a7","D02","POSE","POSE.AOS.S2","POSE.SS.20231212.FIL","A00000325110","2023-12-12T13:04Z","2023-12-12T13:04Z","Illinois State Water Survey Central Analytical Laboratory",532.0,0.00350,1,"2023-12-14","B",,
"9babc2bb-09ad-4f6c-b400-ce5e3ebe8b22","D02","POSE","POSE.AOS.S2","POSE.SS.20231212.FIL","A00000325110","2023-12-12T13:04Z","2023-12-12T13:04Z","Illinois State Water Survey Central Analytical Laboratory",230.0,0.15640,1,"2023-12-14","A",,
"d69987cb-7d59-45d4-b981-256f0673096c","D02","POSE","POSE.AOS.S2","POSE.SS.20231212.FIL","A00000325110","2023-12-12T13:04Z","2023-12-12T13:04Z","Illinois State Water Survey Central Analytical Laboratory",478.0,0.00630,1,"2023-12-14","B",,
"6421e7e8-855f-4094-944b-914b389782c2","D02","POSE","POSE.AOS.S2","POSE.SS.20231212.FIL","A00000325110","2023-12-12T13:04Z","2023-12-12T13:04Z","Illinois State Water Survey Central Analytical Laboratory",260.0,0.10080,1,"2023-12-14","A",,
"4b58ae93-f7e6-4885-a62a-9cdabbe95da9","D02","POSE","POSE.AOS.S2","POSE.SS.20231212.FIL","A00000325110","2023-12-12T13:04Z","2023-12-12T13:04Z","Illinois State Water Survey Central Analytical Laboratory",278.0,0.08560,1,"2023-12-14","B",,
"5ea6a2a3-aaa6-4139-abf0-e86f2ed4c64e","D02","POSE","POSE.AOS.S2","POSE.SS.20231212.FIL","A00000325110","2023-12-12T13:04Z","2023-12-12T13:04Z","Illinois State Water Survey Central Analytical Laboratory",234.0,0.14190,1,"2023-12-14","A",,
"51c3a112-7a51-4f65-81db-9baaac9aef74","D02","POSE","POSE.AOS.S2","POSE.SS.20231212.FIL","A00000325110","2023-12-12T13:04Z","2023-12-12T13:04Z","Illinois State Water Survey Central Analytical Laboratory",434.0,0.01010,1,"2023-12-14","A",,
"2a14235c-06bc-43ef-91d6-b5bd9ac95004","D02","POSE","POSE.AOS.S2","POSE.SS.20231212.FIL","A00000325110","2023-12-12T13:04Z","2023-12-12T13:04Z","Illinois State Water Survey Central Analytical Laboratory",414.0,0.01220,1,"2023-12-14","A",,
"16f1f12e-7172-4bd8-8748-76cf8485a5ea","D02","POSE","POSE.AOS.S2","POSE.SS.20231212.FIL","A00000325110","2023-12-12T13:04Z","2023-12-12T13:04Z","Illinois State Water Survey Central Analytical Laboratory",492.0,0.00540,1,"2023-12-14","A",,
"8b6ce8c0-fc7d-4483-8653-fc75dd48f02a","D02","POSE","POSE.AOS.S2","POSE.SS.20231212.FIL","A00000325110","2023-12-12T13:04Z","2023-12-12T13:04Z","Illinois State Water Survey Central Analytical Laboratory",336.0,0.04020,1,"2023-12-14","B",,
"07cd9c66-063b-4f4f-abe5-4dc34d579b1c","D02","POSE","POSE.AOS.S2","POSE.SS.20231212.FIL","A00000325110","2023-12-12T13:04Z","2023-12-12T13:04Z","Illinois State Water Survey Central Analytical Laboratory",270.0,0.09160,1,"2023-12-14","A",,
"6c9ee3e4-a6ba-4955-9fb2-e0af7a0f4e2a","D02","POSE","POSE.AOS.S2","POSE.SS.20231212.FIL","A00000325110","2023-12-12T13:04Z","2023-12-12T13:04Z","Illinois State Water Survey Central Analytical Laboratory",470.0,0.00640,1,"2023-12-14","A",,
"975ffbf4-553e-47cc-bc76-b48561f33520","D02","POSE","POSE.AOS.S2","POSE.SS.20231212.FIL","A00000325110","2023-12-12T13:04Z","2023-12-12T13:04Z","Illinois State Water Survey Central Analytical Laboratory",498.0,0.00500,1,"2023-12-14","B",,
"0c2c6ffc-3e82-4d56-9d8b-d171768c970f","D02","POSE","POSE.AOS.S2","POSE.SS.20231212.FIL","A00000325110","2023-12-12T13:04Z","2023-12-12T13:04Z","Illinois State Water Survey Central Analytical Laboratory",380.0,0.02120,1,"2023-12-14","A",,
"5971282e-8db3-4231-9657-edb0b5545482","D02","POSE","POSE.AOS.S2","POSE.SS.20231212.FIL","A00000325110","2023-12-12T13:04Z","2023-12-12T13:04Z","Illinois State Water Survey Central Analytical Laboratory",222.0,0.19890,1,"2023-12-14","A",,
"0be486b0-2a43-4ac7-8de8-9fea0a613913","D02","POSE","POSE.AOS.S2","POSE.SS.20231212.FIL","A00000325110","2023-12-12T13:04Z","2023-12-12T13:04Z","Illinois State Water Survey Central Analytical Laboratory",446.0,0.00850,1,"2023-12-14","B",,
"5cfc1a7a-6ce7-4870-9b39-e9aef9058257","D02","POSE","POSE.AOS.S2","POSE.SS.20231212.FIL","A00000325110","2023-12-12T13:04Z","2023-12-12T13:04Z","Illinois State Water Survey Central Analytical Laboratory",512.0,0.00420,1,"2023-12-14","B",,
"91735159-7db0-40fa-ac87-e4efbe0c1d50","D02","POSE","POSE.AOS.S2","POSE.SS.20231212.FIL","A00000325110","2023-12-12T13:04Z","2023-12-12T13:04Z","Illinois State Water Survey Central Analytical Laboratory",220.0,0.21510,1,"2023-12-14","B",,
"7ed55016-d83b-477a-8d68-b9b625e4c8ff","D02","POSE","POSE.AOS.S2","POSE.SS.20231212.FIL","A00000325110","2023-12-12T13:04Z","2023-12-12T13:04Z","Illinois State Water Survey Central Analytical Laboratory",328.0,0.04500,1,"2023-12-14","B",,
"89f5e939-e03c-4bc5-9444-bbac6cd76fe7","D02","POSE","POSE.AOS.S2","POSE.SS.20231212.FIL","A00000325110","2023-12-12T13:04Z","2023-12-12T13:04Z","Illinois State Water Survey Central Analytical Laboratory",226.0,0.17330,1,"2023-12-14","A",,
"cb7ded50-f41d-4329-aa3f-c85e3626ec73","D02","POSE","POSE.AOS.S2","POSE.SS.20231212.FIL","A00000325110","2023-12-12T13:04Z","2023-12-12T13:04Z","Illinois State Water Survey Central Analytical Laboratory",538.0,0.00340,1,"2023-12-14","B",,
"c3ea50a6-8d84-459a-8147-d5a749785843","D02","POSE","POSE.AOS.S2","POSE.SS.20231212.FIL","A00000325110","2023-12-12T13:04Z","2023-12-12T13:04Z","Illinois State Water Survey Central Analytical Laboratory",488.0,0.00560,1,"2023-12-14","A",,
"4dd17073-7ce5-4ea6-b615-c934b2f621db","D02","POSE","POSE.AOS.S2","POSE.SS.20231212.FIL","A00000325110","2023-12-12T13:04Z","2023-12-12T13:04Z","Illinois State Water Survey Central Analytical Laboratory",528.0,0.00370,1,"2023-12-14","A",,
"189cf4be-e5b0-499a-b59d-8b9746812d83","D02","POSE","POSE.AOS.S2","POSE.SS.20231212.FIL","A00000325110","2023-12-12T13:04Z","2023-12-12T13:04Z","Illinois State Water Survey Central Analytical Laboratory",290.0,0.07350,1,"2023-12-14","A",,
"b929486a-a4d2-4288-a9d1-0eefad905bc7","D02","POSE","POSE.AOS.S2","POSE.SS.20231212.FIL","A00000325110","2023-12-12T13:04Z","2023-12-12T13:04Z","Illinois State Water Survey Central Analytical Laboratory",276.0,0.08670,1,"2023-12-14","A",,
"766a40d5-6f64-47ea-bebf-aa07a8a7f7d2","D02","POSE","POSE.AOS.S2","POSE.SS.20231212.FIL","A00000325110","2023-12-12T13:04Z","2023-12-12T13:04Z","Illinois State Water Survey Central Analytical Laboratory",366.0,0.02670,1,"2023-12-14","B",,
"00d7f286-0668-4031-8f82-aa6bc4ae9bbb","D02","POSE","POSE.AOS.S2","POSE.SS.20231212.FIL","A00000325110","2023-12-12T13:04Z","2023-12-12T13:04Z","Illinois State Water Survey Central Analytical Laboratory",598.0,0.00200,1,"2023-12-14","A",,
"37b2ad44-3716-4c32-8779-73c0a3ee6535","D02","POSE","POSE.AOS.S2","POSE.SS.20231212.FIL","A00000325110","2023-12-12T13:04Z","2023-12-12T13:04Z","Illinois State Water Survey Central Analytical Laboratory",452.0,0.00750,1,"2023-12-14","A",,
"6fb6bbea-c407-4fda-bec1-9db034708fbf","D02","POSE","POSE.AOS.S2","POSE.SS.20231212.FIL","A00000325110","2023-12-12T13:04Z","2023-12-12T13:04Z","Illinois State Water Survey Central Analytical Laboratory",238.0,0.13220,1,"2023-12-14","B",,
"22ff1450-94b3-469d-9ada-03406da34200","D02","POSE","POSE.AOS.S2","POSE.SS.20231212.FIL","A00000325110","2023-12-12T13:04Z","2023-12-12T13:04Z","Illinois State Water Survey Central Analytical Laboratory",320.0,0.04990,1,"2023-12-14","A",,
"1ea1b7f5-4ef5-4c38-8762-04bb968dc967","D02","POSE","POSE.AOS.S2","POSE.SS.20231212.FIL","A00000325110","2023-12-12T13:04Z","2023-12-12T13:04Z","Illinois State Water Survey Central Analytical Laboratory",372.0,0.02420,1,"2023-12-14","A",,
"d8ea2eff-7478-4f3d-8bbd-76894489d6d6","D02","POSE","POSE.AOS.S2","POSE.SS.20231212.FIL","A00000325110","2023-12-12T13:04Z","2023-12-12T13:04Z","Illinois State Water Survey Central Analytical Laboratory",344.0,0.03580,1,"2023-12-14","A",,
"4af40f62-19e0-4051-be71-c6c1ed9a2ce4","D02","POSE","POSE.AOS.S2","POSE.SS.20231212.FIL","A00000325110","2023-12-12T13:04Z","2023-12-12T13:04Z","Illinois State Water Survey Central Analytical Laboratory",542.0,0.00340,1,"2023-12-14","B",,
"c86fb018-e325-4c0c-b77a-23a26f6adfa6","D02","POSE","POSE.AOS.S2","POSE.SS.20231212.FIL","A00000325110","2023-12-12T13:04Z","2023-12-12T13:04Z","Illinois State Water Survey Central Analytical Laboratory",374.0,0.02330,1,"2023-12-14","A",,
"3bfbda8b-f805-451d-a244-68c751d617dd","D02","POSE","POSE.AOS.S2","POSE.SS.20231212.FIL","A00000325110","2023-12-12T13:04Z","2023-12-12T13:04Z","Illinois State Water Survey Central Analytical Laboratory",526.0,0.00330,1,"2023-12-14","A",,
"b1cc5006-ef3c-4256-ba9f-990e1520afe9","D02","POSE","POSE.AOS.S2","POSE.SS.20231212.FIL","A00000325110","2023-12-12T13:04Z","2023-12-12T13:04Z","Illinois State Water Survey Central Analytical Laboratory",442.0,0.00900,1,"2023-12-14","A",,
"0166d5f2-4ceb-4d08-b94a-1fdda2b46067","D02","POSE","POSE.AOS.S2","POSE.SS.20231212.FIL","A00000325110","2023-12-12T13:04Z","2023-12-12T13:04Z","Illinois State Water Survey Central Analytical Laboratory",564.0,0.00310,1,"2023-12-14","B",,
"502747e0-eb28-49a1-ba96-f11aad4922a3","D02","POSE","POSE.AOS.S2","POSE.SS.20231212.FIL","A00000325110","2023-12-12T13:04Z","2023-12-12T13:04Z","Illinois State Water Survey Central Analytical Laboratory",358.0,0.02980,1,"2023-12-14","A",,
"96c3fb4a-8033-499b-a91f-e2fd72a89d2d","D02","POSE","POSE.AOS.S2","POSE.SS.20231212.FIL","A00000325110","2023-12-12T13:04Z","2023-12-12T13:04Z","Illinois State Water Survey Central Analytical Laboratory",248.0,0.11380,1,"2023-12-14","A",,
"24c393d6-5025-4bf7-8416-f7f41c8869cb","D02","POSE","POSE.AOS.S2","POSE.SS.20231212.FIL","A00000325110","2023-12-12T13:04Z","2023-12-12T13:04Z","Illinois State Water Survey Central Analytical Laboratory",480.0,0.00620,1,"2023-12-14","B",,
"99bae24f-ace8-4469-93b0-247b2d1d582b","D02","POSE","POSE.AOS.S2","POSE.SS.20231212.FIL","A00000325110","2023-12-12T13:04Z","2023-12-12T13:04Z","Illinois State Water Survey Central Analytical Laboratory",418.0,0.01200,1,"2023-12-14","B",,
"0698faf7-973e-4a97-98d6-aff49560a4c5","D02","POSE","POSE.AOS.S2","POSE.SS.20231212.FIL","A00000325110","2023-12-12T13:04Z","2023-12-12T13:04Z","Illinois State Water Survey Central Analytical Laboratory",382.0,0.02070,1,"2023-12-14","A",,
"0ae36f37-966e-4389-83f9-0b3fded9248f","D02","POSE","POSE.AOS.S2","POSE.SS.20231212.FIL","A00000325110","2023-12-12T13:04Z","2023-12-12T13:04Z","Illinois State Water Survey Central Analytical Laboratory",290.0,0.07390,1,"2023-12-14","B",,
"39651995-ac18-4250-9e14-277d9519d55a","D02","POSE","POSE.AOS.S2","POSE.SS.20231212.FIL","A00000325110","2023-12-12T13:04Z","2023-12-12T13:04Z","Illinois State Water Survey Central Analytical Laboratory",250.0,0.11130,1,"2023-12-14","A",,
"3f08d1f9-84d1-41cd-92e1-1ad33ca72de8","D02","POSE","POSE.AOS.S2","POSE.SS.20231212.FIL","A00000325110","2023-12-12T13:04Z","2023-12-12T13:04Z","Illinois State Water Survey Central Analytical Laboratory",570.0,0.00260,1,"2023-12-14","B",,
"73c37a6b-9506-4791-900f-3b8a9d8725f0","D02","POSE","POSE.AOS.S2","POSE.SS.20231212.FIL","A00000325110","2023-12-12T13:04Z","2023-12-12T13:04Z","Illinois State Water Survey Central Analytical Laboratory",220.0,0.21380,1,"2023-12-14","A",,
"0d59cad8-4b19-4717-93c8-8c13dbed2961","D02","POSE","POSE.AOS.S2","POSE.SS.20231212.FIL","A00000325110","2023-12-12T13:04Z","2023-12-12T13:04Z","Illinois State Water Survey Central Analytical Laboratory",256.0,0.10500,1,"2023-12-14","B",,
"ea575046-3fb7-4f51-8dca-8f6aff49c1db","D02","POSE","POSE.AOS.S2","POSE.SS.20231212.FIL","A00000325110","2023-12-12T13:04Z","2023-12-12T13:04Z","Illinois State Water Survey Central Analytical Laboratory",584.0,0.00250,1,"2023-12-14","B",,
"8a3f1bcb-b4a4-47b4-b7c8-83d2908b37dc","D02","POSE","POSE.AOS.S2","POSE.SS.20231212.FIL","A00000325110","2023-12-12T13:04Z","2023-12-12T13:04Z","Illinois State Water Survey Central Analytical Laboratory",412.0,0.01300,1,"2023-12-14","A",,
"b0e7dda2-3e41-4b49-9989-d05f5f3bebec","D02","POSE","POSE.AOS.S2","POSE.SS.20231212.FIL","A00000325110","2023-12-12T13:04Z","2023-12-12T13:04Z","Illinois State Water Survey Central Analytical Laboratory",592.0,0.00270,1,"2023-12-14","B",,
"fe25bba3-a94f-49fd-af91-17aa04bca1fe","D02","POSE","POSE.AOS.S2","POSE.SS.20231212.FIL","A00000325110","2023-12-12T13:04Z","2023-12-12T13:04Z","Illinois State Water Survey Central Analytical Laboratory",432.0,0.01030,1,"2023-12-14","A",,
"302ecf28-e442-4d7a-ab0f-2abb64d916b1","D02","POSE","POSE.AOS.S2","POSE.SS.20231212.FIL","A00000325110","2023-12-12T13:04Z","2023-12-12T13:04Z","Illinois State Water Survey Central Analytical Laboratory",266.0,0.09590,1,"2023-12-14","B",,
"666d8fb0-847d-4cf9-a024-540ae2ec7c87","D02","POSE","POSE.AOS.S2","POSE.SS.20231212.FIL","A00000325110","2023-12-12T13:04Z","2023-12-12T13:04Z","Illinois State Water Survey Central Analytical Laboratory",246.0,0.11600,1,"2023-12-14","A",,
"0e3ba75c-f2c1-4c01-b315-a26ca538dd5d","D02","POSE","POSE.AOS.S2","POSE.SS.20231212.FIL","A00000325110","2023-12-12T13:04Z","2023-12-12T13:04Z","Illinois State Water Survey Central Analytical Laboratory",590.0,0.00220,1,"2023-12-14","A",,
"4ac5596c-5e50-4253-9cbb-90b53fd5df10","D02","POSE","POSE.AOS.S2","POSE.SS.20231212.FIL","A00000325110","2023-12-12T13:04Z","2023-12-12T13:04Z","Illinois State Water Survey Central Analytical Laboratory",588.0,0.00250,1,"2023-12-14","B",,
"df36776c-8b55-4358-9f51-3e4514201680","D02","POSE","POSE.AOS.S2","POSE.SS.20231212.FIL","A00000325110","2023-12-12T13:04Z","2023-12-12T13:04Z","Illinois State Water Survey Central Analytical Laboratory",502.0,0.00460,1,"2023-12-14","B",,
"812743d1-ecbc-4cfe-b1dd-8b0e89b0aa55","D02","POSE","POSE.AOS.S2","POSE.SS.20231212.FIL","A00000325110","2023-12-12T13:04Z","2023-12-12T13:04Z","Illinois State Water Survey Central Analytical Laboratory",386.0,0.01950,1,"2023-12-14","A",,
"4cef5750-2cc0-43f6-bedf-e17a3dcb6307","D02","POSE","POSE.AOS.S2","POSE.SS.20231212.FIL","A00000325110","2023-12-12T13:04Z","2023-12-12T13:04Z","Illinois State Water Survey Central Analytical Laboratory",460.0,0.00700,1,"2023-12-14","B",,
"06c831b0-964b-404e-a353-43b59a336cd4","D02","POSE","POSE.AOS.S2","POSE.SS.20231212.FIL","A00000325110","2023-12-12T13:04Z","2023-12-12T13:04Z","Illinois State Water Survey Central Analytical Laboratory",402.0,0.01570,1,"2023-12-14","A",,
"65f47274-ba6b-4d1f-9840-db9d739af19d","D02","POSE","POSE.AOS.S2","POSE.SS.20231212.FIL","A00000325110","2023-12-12T13:04Z","2023-12-12T13:04Z","Illinois State Water Survey Central Analytical Laboratory",570.0,0.00260,1,"2023-12-14","A",,
"ac0b96e1-e085-4fb2-9d6b-5cf225021e50","D02","POSE","POSE.AOS.S2","POSE.SS.20231212.FIL","A00000325110","2023-12-12T13:04Z","2023-12-12T13:04Z","Illinois State Water Survey Central Analytical Laboratory",436.0,0.00990,1,"2023-12-14","B",,
"5b4854f0-6490-4926-aad1-f6d3c397104c","D02","POSE","POSE.AOS.S2","POSE.SS.20231212.FIL","A00000325110","2023-12-12T13:04Z","2023-12-12T13:04Z","Illinois State Water Survey Central Analytical Laboratory",350.0,0.03300,1,"2023-12-14","A",,
"e4d541d0-5921-4b37-bc06-2cd4b07a4b44","D02","POSE","POSE.AOS.S2","POSE.SS.20231212.FIL","A00000325110","2023-12-12T13:04Z","2023-12-12T13:04Z","Illinois State Water Survey Central Analytical Laboratory",408.0,0.01400,1,"2023-12-14","A",,
"e16f697d-5def-426e-b052-ead767496907","D02","POSE","POSE.AOS.S2","POSE.SS.20231212.FIL","A00000325110","2023-12-12T13:04Z","2023-12-12T13:04Z","Illinois State Water Survey Central Analytical Laboratory",426.0,0.01110,1,"2023-12-14","A",,
"531798c1-9849-4b93-9f1b-fe6d1e4a98ee","D02","POSE","POSE.AOS.S2","POSE.SS.20231212.FIL","A00000325110","2023-12-12T13:04Z","2023-12-12T13:04Z","Illinois State Water Survey Central Analytical Laboratory",442.0,0.00900,1,"2023-12-14","B",,
"076e5836-e37d-4a0b-a16c-9a997819a6e3","D02","POSE","POSE.AOS.S2","POSE.SS.20231212.FIL","A00000325110","2023-12-12T13:04Z","2023-12-12T13:04Z","Illinois State Water Survey Central Analytical Laboratory",412.0,0.01310,1,"2023-12-14","B",,
"7ca848ed-1bf9-49c5-afe9-059121f39446","D02","POSE","POSE.AOS.S2","POSE.SS.20231212.FIL","A00000325110","2023-12-12T13:04Z","2023-12-12T13:04Z","Illinois State Water Survey Central Analytical Laboratory",560.0,0.00320,1,"2023-12-14","B",,
"cfea25cf-3b1e-498c-b87e-6cb704ad4f50","D02","POSE","POSE.AOS.S2","POSE.SS.20231212.FIL","A00000325110","2023-12-12T13:04Z","2023-12-12T13:04Z","Illinois State Water Survey Central Analytical Laboratory",394.0,0.01740,1,"2023-12-14","B",,
"666a58da-b161-4569-b17f-d48201873818","D02","POSE","POSE.AOS.S2","POSE.SS.20231212.FIL","A00000325110","2023-12-12T13:04Z","2023-12-12T13:04Z","Illinois State Water Survey Central Analytical Laboratory",258.0,0.10270,1,"2023-12-14","B",,
"a86fd787-c9e8-4c8e-9396-896bcf4daa7f","D02","POSE","POSE.AOS.S2","POSE.SS.20231212.FIL","A00000325110","2023-12-12T13:04Z","2023-12-12T13:04Z","Illinois State Water Survey Central Analytical Laboratory",440.0,0.00950,1,"2023-12-14","A",,
"eb8072b7-da05-4bc0-85b7-1c5cb3c28248","D02","POSE","POSE.AOS.S2","POSE.SS.20231212.FIL","A00000325110","2023-12-12T13:04Z","2023-12-12T13:04Z","Illinois State Water Survey Central Analytical Laboratory",324.0,0.04750,1,"2023-12-14","B",,
"e73646d2-a004-473c-8a9c-866615c6c14b","D02","POSE","POSE.AOS.S2","POSE.SS.20231212.FIL","A00000325110","2023-12-12T13:04Z","2023-12-12T13:04Z","Illinois State Water Survey Central Analytical Laboratory",390.0,0.01810,1,"2023-12-14","A",,
"b63e5cc5-2e09-4b72-83ee-581fd6b6e7f0","D02","POSE","POSE.AOS.S2","POSE.SS.20231212.FIL","A00000325110","2023-12-12T13:04Z","2023-12-12T13:04Z","Illinois State Water Survey Central Analytical Laboratory",454.0,0.00750,1,"2023-12-14","A",,
"626d3ff3-a2d3-4650-8c05-bc0297f60106","D02","POSE","POSE.AOS.S2","POSE.SS.20231212.FIL","A00000325110","2023-12-12T13:04Z","2023-12-12T13:04Z","Illinois State Water Survey Central Analytical Laboratory",224.0,0.18640,1,"2023-12-14","B",,
"d9306c57-f575-4b77-825a-e1adcdf9face","D02","POSE","POSE.AOS.S2","POSE.SS.20231212.FIL","A00000325110","2023-12-12T13:04Z","2023-12-12T13:04Z","Illinois State Water Survey Central Analytical Laboratory",488.0,0.00570,1,"2023-12-14","B",,
"77e12fc7-5ea1-466e-8cf5-1c758a229b23","D02","POSE","POSE.AOS.S2","POSE.SS.20231212.FIL","A00000325110","2023-12-12T13:04Z","2023-12-12T13:04Z","Illinois State Water Survey Central Analytical Laboratory",378.0,0.02210,1,"2023-12-14","A",,
"c39fa24b-7921-443a-bb5c-b84d59e6bed0","D02","POSE","POSE.AOS.S2","POSE.SS.20231212.FIL","A00000325110","2023-12-12T13:04Z","2023-12-12T13:04Z","Illinois State Water Survey Central Analytical Laboratory",410.0,0.01360,1,"2023-12-14","A",,
"8158121f-8898-4957-ae02-11d350193721","D02","POSE","POSE.AOS.S2","POSE.SS.20231212.FIL","A00000325110","2023-12-12T13:04Z","2023-12-12T13:04Z","Illinois State Water Survey Central Analytical Laboratory",274.0,0.08900,1,"2023-12-14","B",,
"3dcf5b31-44bc-4d2a-bf63-56fecfe0e865","D02","POSE","POSE.AOS.S2","POSE.SS.20231212.FIL","A00000325110","2023-12-12T13:04Z","2023-12-12T13:04Z","Illinois State Water Survey Central Analytical Laboratory",430.0,0.01070,1,"2023-12-14","B",,
"91b37ccf-e4d2-462b-8cf9-228e3629d4b6","D02","POSE","POSE.AOS.S2","POSE.SS.20231212.FIL","A00000325110","2023-12-12T13:04Z","2023-12-12T13:04Z","Illinois State Water Survey Central Analytical Laboratory",422.0,0.01140,1,"2023-12-14","A",,
"6ffedd37-c875-41a2-aa3b-ef62e4dfa961","D02","POSE","POSE.AOS.S2","POSE.SS.20231212.FIL","A00000325110","2023-12-12T13:04Z","2023-12-12T13:04Z","Illinois State Water Survey Central Analytical Laboratory",562.0,0.00270,1,"2023-12-14","A",,
"265d36ac-7410-4125-afae-5a4d0ab5874c","D02","POSE","POSE.AOS.S2","POSE.SS.20231212.FIL","A00000325110","2023-12-12T13:04Z","2023-12-12T13:04Z","Illinois State Water Survey Central Analytical Laboratory",464.0,0.00670,1,"2023-12-14","B",,
"6962c71d-00b7-43a1-8a9e-240ccbc8e04b","D02","POSE","POSE.AOS.S2","POSE.SS.20231212.FIL","A00000325110","2023-12-12T13:04Z","2023-12-12T13:04Z","Illinois State Water Survey Central Analytical Laboratory",564.0,0.00280,1,"2023-12-14","A",,
"702848b9-e5fa-4389-b563-1a52659f3d5f","D02","POSE","POSE.AOS.S2","POSE.SS.20231212.FIL","A00000325110","2023-12-12T13:04Z","2023-12-12T13:04Z","Illinois State Water Survey Central Analytical Laboratory",316.0,0.05280,1,"2023-12-14","B",,
"320592ba-8ffc-4a18-b27d-0454cb7376c7","D02","POSE","POSE.AOS.S2","POSE.SS.20231212.FIL","A00000325110","2023-12-12T13:04Z","2023-12-12T13:04Z","Illinois State Water Survey Central Analytical Laboratory",500.0,0.00490,1,"2023-12-14","A",,
"5798d4bb-e984-455f-aa67-92f25ede542d","D02","POSE","POSE.AOS.S2","POSE.SS.20231212.FIL","A00000325110","2023-12-12T13:04Z","2023-12-12T13:04Z","Illinois State Water Survey Central Analytical Laboratory",490.0,0.00550,1,"2023-12-14","A",,
"b5b56787-2790-4e53-9e7a-9b290c67b3bb","D02","POSE","POSE.AOS.S2","POSE.SS.20231212.FIL","A00000325110","2023-12-12T13:04Z","2023-12-12T13:04Z","Illinois State Water Survey Central Analytical Laboratory",504.0,0.00450,1,"2023-12-14","A",,
"992f4d28-f357-490f-bb61-d88e2791f7b8","D02","POSE","POSE.AOS.S2","POSE.SS.20231212.FIL","A00000325110","2023-12-12T13:04Z","2023-12-12T13:04Z","Illinois State Water Survey Central Analytical Laboratory",508.0,0.00430,1,"2023-12-14","B",,
"79f1793c-2757-40f4-ad66-ebec128561f2","D02","POSE","POSE.AOS.S2","POSE.SS.20231212.FIL","A00000325110","2023-12-12T13:04Z","2023-12-12T13:04Z","Illinois State Water Survey Central Analytical Laboratory",552.0,0.00320,1,"2023-12-14","B",,
"027b96c6-f778-4ed7-9814-ce21b0eeb594","D02","POSE","POSE.AOS.S2","POSE.SS.20231212.FIL","A00000325110","2023-12-12T13:04Z","2023-12-12T13:04Z","Illinois State Water Survey Central Analytical Laboratory",328.0,0.04490,1,"2023-12-14","A",,
"4dea1ad7-b3a8-48a2-b990-2d079bf94a58","D02","POSE","POSE.AOS.S2","POSE.SS.20231212.FIL","A00000325110","2023-12-12T13:04Z","2023-12-12T13:04Z","Illinois State Water Survey Central Analytical Laboratory",600.0,0.00220,1,"2023-12-14","A",,
"38f43a94-c363-4757-90dc-b87356c2cbc4","D02","POSE","POSE.AOS.S2","POSE.SS.20231212.FIL","A00000325110","2023-12-12T13:04Z","2023-12-12T13:04Z","Illinois State Water Survey Central Analytical Laboratory",348.0,0.03370,1,"2023-12-14","A",,
"d7c313ca-7034-4fb8-b3af-9f597e2fddea","D02","POSE","POSE.AOS.S2","POSE.SS.20231212.FIL","A00000325110","2023-12-12T13:04Z","2023-12-12T13:04Z","Illinois State Water Survey Central Analytical Laboratory",240.0,0.12700,1,"2023-12-14","A",,
"9f5f07de-b4cc-4e1b-ba34-23b7217d6763","D02","POSE","POSE.AOS.S2","POSE.SS.20231212.FIL","A00000325110","2023-12-12T13:04Z","2023-12-12T13:04Z","Illinois State Water Survey Central Analytical Laboratory",476.0,0.00630,1,"2023-12-14","A",,
"65ecf60d-776d-4d0a-aae2-c40abb4f44aa","D02","POSE","POSE.AOS.S2","POSE.SS.20231212.FIL","A00000325110","2023-12-12T13:04Z","2023-12-12T13:04Z","Illinois State Water Survey Central Analytical Laboratory",474.0,0.00640,1,"2023-12-14","B",,
"42f76123-cbce-4e5a-a97a-12ca13eae5a3","D02","POSE","POSE.AOS.S2","POSE.SS.20231212.FIL","A00000325110","2023-12-12T13:04Z","2023-12-12T13:04Z","Illinois State Water Survey Central Analytical Laboratory",350.0,0.03310,1,"2023-12-14","B",,
"a4aa0a2a-eb08-4721-8c42-695129167cd4","D02","POSE","POSE.AOS.S2","POSE.SS.20231212.FIL","A00000325110","2023-12-12T13:04Z","2023-12-12T13:04Z","Illinois State Water Survey Central Analytical Laboratory",596.0,0.00230,1,"2023-12-14","B",,
"d1b160a4-8b9d-4caf-8899-1b14900e749c","D02","POSE","POSE.AOS.S2","POSE.SS.20231212.FIL","A00000325110","2023-12-12T13:04Z","2023-12-12T13:04Z","Illinois State Water Survey Central Analytical Laboratory",580.0,0.00280,1,"2023-12-14","B",,
"2343d4b4-f6b0-4711-8212-759500615115","D02","POSE","POSE.AOS.S2","POSE.SS.20231212.FIL","A00000325110","2023-12-12T13:04Z","2023-12-12T13:04Z","Illinois State Water Survey Central Analytical Laboratory",452.0,0.00780,1,"2023-12-14","B",,
"7d19c0f2-c783-46c7-abbb-799e941af8db","D02","POSE","POSE.AOS.S2","POSE.SS.20231212.FIL","A00000325110","2023-12-12T13:04Z","2023-12-12T13:04Z","Illinois State Water Survey Central Analytical Laboratory",482.0,0.00630,1,"2023-12-14","A",,
"a159ccf9-41bb-4167-aa1a-15575c187c23","D02","POSE","POSE.AOS.S2","POSE.SS.20231212.FIL","A00000325110","2023-12-12T13:04Z","2023-12-12T13:04Z","Illinois State Water Survey Central Analytical Laboratory",424.0,0.01120,1,"2023-12-14","A",,
"b33dc8cb-edbe-4d9b-a974-0b9c0c95ee88","D02","POSE","POSE.AOS.S2","POSE.SS.20231212.FIL","A00000325110","2023-12-12T13:04Z","2023-12-12T13:04Z","Illinois State Water Survey Central Analytical Laboratory",460.0,0.00670,1,"2023-12-14","A",,
"490c4e69-b85f-4dd3-8f6d-d15b11ef8018","D02","POSE","POSE.AOS.S2","POSE.SS.20231212.FIL","A00000325110","2023-12-12T13:04Z","2023-12-12T13:04Z","Illinois State Water Survey Central Analytical Laboratory",560.0,0.00310,1,"2023-12-14","A",,
"36d905ab-f51f-4917-8ee9-dbd71e3082e1","D02","POSE","POSE.AOS.S2","POSE.SS.20231212.FIL","A00000325110","2023-12-12T13:04Z","2023-12-12T13:04Z","Illinois State Water Survey Central Analytical Laboratory",492.0,0.00540,1,"2023-12-14","B",,
"3b53bed2-79e6-46b1-a941-fcc5154da3ae","D02","POSE","POSE.AOS.S2","POSE.SS.20231212.FIL","A00000325110","2023-12-12T13:04Z","2023-12-12T13:04Z","Illinois State Water Survey Central Analytical Laboratory",344.0,0.03610,1,"2023-12-14","B",,
"9ac2220c-aee2-4207-9a0f-1a27ad2eb3b7","D02","POSE","POSE.AOS.S2","POSE.SS.20231212.FIL","A00000325110","2023-12-12T13:04Z","2023-12-12T13:04Z","Illinois State Water Survey Central Analytical Laboratory",590.0,0.00230,1,"2023-12-14","B",,
"0dd146f7-7e30-4037-ba88-3b1718a742d1","D02","POSE","POSE.AOS.S2","POSE.SS.20231212.FIL","A00000325110","2023-12-12T13:04Z","2023-12-12T13:04Z","Illinois State Water Survey Central Analytical Laboratory",584.0,0.00260,1,"2023-12-14","A",,
"4fb6db3e-2a78-4565-87fb-061a9c46a19e","D02","POSE","POSE.AOS.S2","POSE.SS.20231212.FIL","A00000325110","2023-12-12T13:04Z","2023-12-12T13:04Z","Illinois State Water Survey Central Analytical Laboratory",224.0,0.18530,1,"2023-12-14","A",,
"0031a34c-40c1-4d21-b317-4ba200297df5","D02","POSE","POSE.AOS.S2","POSE.SS.20231212.FIL","A00000325110","2023-12-12T13:04Z","2023-12-12T13:04Z","Illinois State Water Survey Central Analytical Laboratory",524.0,0.00310,1,"2023-12-14","A",,
"4980146f-0e0e-4441-83e6-e6e1e7904721","D02","POSE","POSE.AOS.S2","POSE.SS.20231212.FIL","A00000325110","2023-12-12T13:04Z","2023-12-12T13:04Z","Illinois State Water Survey Central Analytical Laboratory",284.0,0.07950,1,"2023-12-14","A",,
"874e9967-d206-4a8d-ace6-e270223e1154","D02","POSE","POSE.AOS.S2","POSE.SS.20231212.FIL","A00000325110","2023-12-12T13:04Z","2023-12-12T13:04Z","Illinois State Water Survey Central Analytical Laboratory",408.0,0.01410,1,"2023-12-14","B",,
"00a98719-82da-49e5-bf60-ba7408b0a02b","D02","POSE","POSE.AOS.S2","POSE.SS.20231212.FIL","A00000325110","2023-12-12T13:04Z","2023-12-12T13:04Z","Illinois State Water Survey Central Analytical Laboratory",352.0,0.03220,1,"2023-12-14","B",,
"d2b0e182-ee50-4ac9-9409-92534e6f74ae","D02","POSE","POSE.AOS.S2","POSE.SS.20231212.FIL","A00000325110","2023-12-12T13:04Z","2023-12-12T13:04Z","Illinois State Water Survey Central Analytical Laboratory",586.0,0.00230,1,"2023-12-14","A",,
"e277476a-3785-413b-bcad-68169d6c5c15","D02","POSE","POSE.AOS.S2","POSE.SS.20231212.FIL","A00000325110","2023-12-12T13:04Z","2023-12-12T13:04Z","Illinois State Water Survey Central Analytical Laboratory",362.0,0.02800,1,"2023-12-14","B",,
"15a8408d-2733-4d16-bbd3-fdd83dda167c","D02","POSE","POSE.AOS.S2","POSE.SS.20231212.FIL","A00000325110","2023-12-12T13:04Z","2023-12-12T13:04Z","Illinois State Water Survey Central Analytical Laboratory",450.0,0.00770,1,"2023-12-14","B",,
"bd33dee7-0690-4514-afbd-e7754cd7fdae","D02","POSE","POSE.AOS.S2","POSE.SS.20231212.FIL","A00000325110","2023-12-12T13:04Z","2023-12-12T13:04Z","Illinois State Water Survey Central Analytical Laboratory",398.0,0.01640,1,"2023-12-14","A",,
"1ca78dee-6280-4dcc-90f2-fe451ea0fdf2","D02","POSE","POSE.AOS.S2","POSE.SS.20231212.FIL","A00000325110","2023-12-12T13:04Z","2023-12-12T13:04Z","Illinois State Water Survey Central Analytical Laboratory",234.0,0.14270,1,"2023-12-14","B",,
"caad8b14-b882-4088-ad40-57b1287b1a7d","D02","POSE","POSE.AOS.S2","POSE.SS.20231212.FIL","A00000325110","2023-12-12T13:04Z","2023-12-12T13:04Z","Illinois State Water Survey Central Analytical Laboratory",272.0,0.09020,1,"2023-12-14","A",,
"cbe8d8b2-9ba7-4880-8af7-238dd8b19ae6","D02","POSE","POSE.AOS.S2","POSE.SS.20231212.FIL","A00000325110","2023-12-12T13:04Z","2023-12-12T13:04Z","Illinois State Water Survey Central Analytical Laboratory",294.0,0.06950,1,"2023-12-14","A",,
"622476f4-2a1c-4aaf-a64c-2cd37a7b5fcd","D02","POSE","POSE.AOS.S2","POSE.SS.20231212.FIL","A00000325110","2023-12-12T13:04Z","2023-12-12T13:04Z","Illinois State Water Survey Central Analytical Laboratory",562.0,0.00270,1,"2023-12-14","B",,
"300a806a-2f7d-4c6e-8a9c-101d57f6c7ea","D02","POSE","POSE.AOS.S2","POSE.SS.20231212.FIL","A00000325110","2023-12-12T13:04Z","2023-12-12T13:04Z","Illinois State Water Survey Central Analytical Laboratory",508.0,0.00430,1,"2023-12-14","A",,
"f7fad965-b6be-4c9e-bfa6-37680b6cfc69","D02","POSE","POSE.AOS.S2","POSE.SS.20231212.FIL","A00000325110","2023-12-12T13:04Z","2023-12-12T13:04Z","Illinois State Water Survey Central Analytical Laboratory",574.0,0.00230,1,"2023-12-14","A",,
"f66e96ea-6e0d-4d41-a233-e9a4ce06e10a","D02","POSE","POSE.AOS.S2","POSE.SS.20231212.FIL","A00000325110","2023-12-12T13:04Z","2023-12-12T13:04Z","Illinois State Water Survey Central Analytical Laboratory",572.0,0.00290,1,"2023-12-14","B",,
"ad5a4ae0-d65a-4411-b91a-d9b5cc16a8bf","D02","POSE","POSE.AOS.S2","POSE.SS.20231212.FIL","A00000325110","2023-12-12T13:04Z","2023-12-12T13:04Z","Illinois State Water Survey Central Analytical Laboratory",404.0,0.01520,1,"2023-12-14","A",,
"f164f93b-08d2-4fb5-b345-6f4306812323","D02","POSE","POSE.AOS.S2","POSE.SS.20231212.FIL","A00000325110","2023-12-12T13:04Z","2023-12-12T13:04Z","Illinois State Water Survey Central Analytical Laboratory",486.0,0.00590,1,"2023-12-14","B",,
"397b7010-6cdd-46ee-aa61-ee0a0c05beb3","D02","POSE","POSE.AOS.S2","POSE.SS.20231212.FIL","A00000325110","2023-12-12T13:04Z","2023-12-12T13:04Z","Illinois State Water Survey Central Analytical Laboratory",414.0,0.01240,1,"2023-12-14","B",,
"9b8fd90b-35e9-4289-b669-b13adaa61555","D02","POSE","POSE.AOS.S2","POSE.SS.20231212.FIL","A00000325110","2023-12-12T13:04Z","2023-12-12T13:04Z","Illinois State Water Survey Central Analytical Laboratory",558.0,0.00310,1,"2023-12-14","B",,
"3533bacb-b273-4e7f-af4f-920873fe3715","D02","POSE","POSE.AOS.S2","POSE.SS.20231212.FIL","A00000325110","2023-12-12T13:04Z","2023-12-12T13:04Z","Illinois State Water Survey Central Analytical Laboratory",262.0,0.09870,1,"2023-12-14","A",,
"c7090ad6-979e-4f29-9ba8-50039976682d","D02","POSE","POSE.AOS.S2","POSE.SS.20231212.FIL","A00000325110","2023-12-12T13:04Z","2023-12-12T13:04Z","Illinois State Water Survey Central Analytical Laboratory",400.0,0.01620,1,"2023-12-14","B",,
"9fe05afb-3c7d-45c5-b6ed-57292811889c","D02","POSE","POSE.AOS.S2","POSE.SS.20231212.FIL","A00000325110","2023-12-12T13:04Z","2023-12-12T13:04Z","Illinois State Water Survey Central Analytical Laboratory",486.0,0.00570,1,"2023-12-14","A",,
"5457a5ea-3285-4c73-8661-236008d58dde","D02","POSE","POSE.AOS.S2","POSE.SS.20231212.FIL","A00000325110","2023-12-12T13:04Z","2023-12-12T13:04Z","Illinois State Water Survey Central Analytical Laboratory",518.0,0.00410,1,"2023-12-14","B",,
"cf1a0112-5662-4c77-940b-38fb8d1bcf09","D02","POSE","POSE.AOS.S2","POSE.SS.20231212.FIL","A00000325110","2023-12-12T13:04Z","2023-12-12T13:04Z","Illinois State Water Survey Central Analytical Laboratory",354.0,0.03100,1,"2023-12-14","A",,
"2413fad6-b3db-423f-a38f-4c7e13f0ddad","D02","POSE","POSE.AOS.S2","POSE.SS.20231212.FIL","A00000325110","2023-12-12T13:04Z","2023-12-12T13:04Z","Illinois State Water Survey Central Analytical Laboratory",278.0,0.08500,1,"2023-12-14","A",,
"7a546cfb-64a0-4615-bd40-2d43c0461173","D02","POSE","POSE.AOS.S2","POSE.SS.20231212.FIL","A00000325110","2023-12-12T13:04Z","2023-12-12T13:04Z","Illinois State Water Survey Central Analytical Laboratory",496.0,0.00510,1,"2023-12-14","B",,
"87e6dae7-151d-4532-b965-8f2277915a35","D02","POSE","POSE.AOS.S2","POSE.SS.20231212.FIL","A00000325110","2023-12-12T13:04Z","2023-12-12T13:04Z","Illinois State Water Survey Central Analytical Laboratory",438.0,0.00960,1,"2023-12-14","B",,
"a1dbb5f5-213e-4b0a-b974-cc4687ca27ec","D02","POSE","POSE.AOS.S2","POSE.SS.20231212.FIL","A00000325110","2023-12-12T13:04Z","2023-12-12T13:04Z","Illinois State Water Survey Central Analytical Laboratory",476.0,0.00620,1,"2023-12-14","B",,
"111ddd16-b257-4fab-ae60-338a4c04e5d4","D02","POSE","POSE.AOS.S2","POSE.SS.20231212.FIL","A00000325110","2023-12-12T13:04Z","2023-12-12T13:04Z","Illinois State Water Survey Central Analytical Laboratory",342.0,0.03680,1,"2023-12-14","B",,
"0f436798-9c61-4080-ac8a-1ea4a2f552e6","D02","POSE","POSE.AOS.S2","POSE.SS.20231212.FIL","A00000325110","2023-12-12T13:04Z","2023-12-12T13:04Z","Illinois State Water Survey Central Analytical Laboratory",400.0,0.01630,1,"2023-12-14","A",,
"a146d2f3-a1a9-4cc2-8b28-a06a2997401a","D02","POSE","POSE.AOS.S2","POSE.SS.20231212.FIL","A00000325110","2023-12-12T13:04Z","2023-12-12T13:04Z","Illinois State Water Survey Central Analytical Laboratory",578.0,0.00250,1,"2023-12-14","A",,
"720b2a1a-f2bd-4505-816c-faeb31f26ce3","D02","POSE","POSE.AOS.S2","POSE.SS.20231212.FIL","A00000325110","2023-12-12T13:04Z","2023-12-12T13:04Z","Illinois State Water Survey Central Analytical Laboratory",426.0,0.01110,1,"2023-12-14","B",,
"309472ca-1803-431d-8feb-d8ddf7e215f5","D02","POSE","POSE.AOS.S2","POSE.SS.20231212.FIL","A00000325110","2023-12-12T13:04Z","2023-12-12T13:04Z","Illinois State Water Survey Central Analytical Laboratory",222.0,0.20010,1,"2023-12-14","B",,
"76f30cb2-5a76-495b-a5c7-39da540c3960","D02","POSE","POSE.AOS.S2","POSE.SS.20231212.FIL","A00000325110","2023-12-12T13:04Z","2023-12-12T13:04Z","Illinois State Water Survey Central Analytical Laboratory",236.0,0.13710,1,"2023-12-14","B",,
"4fe5b256-0ce2-495e-8c91-e94538ba8ac7","D02","POSE","POSE.AOS.S2","POSE.SS.20231212.FIL","A00000325110","2023-12-12T13:04Z","2023-12-12T13:04Z","Illinois State Water Survey Central Analytical Laboratory",520.0,0.00370,1,"2023-12-14","B",,
"82a0e39c-32b7-4701-b83e-79c0b216d075","D02","POSE","POSE.AOS.S2","POSE.SS.20231212.FIL","A00000325110","2023-12-12T13:04Z","2023-12-12T13:04Z","Illinois State Water Survey Central Analytical Laboratory",494.0,0.00530,1,"2023-12-14","B",,
"f0a7d939-7661-4f4f-9cb8-6376d0d73940","D02","POSE","POSE.AOS.S2","POSE.SS.20231212.FIL","A00000325110","2023-12-12T13:04Z","2023-12-12T13:04Z","Illinois State Water Survey Central Analytical Laboratory",512.0,0.00380,1,"2023-12-14","A",,
"cf6f701b-185e-43f9-ab48-26ffd37ff54f","D02","POSE","POSE.AOS.S2","POSE.SS.20231212.FIL","A00000325110","2023-12-12T13:04Z","2023-12-12T13:04Z","Illinois State Water Survey Central Analytical Laboratory",576.0,0.00270,1,"2023-12-14","B",,
"531a3889-3774-42af-ab25-68bc5244d56e","D02","POSE","POSE.AOS.S2","POSE.SS.20231212.FIL","A00000325110","2023-12-12T13:04Z","2023-12-12T13:04Z","Illinois State Water Survey Central Analytical Laboratory",498.0,0.00500,1,"2023-12-14","A",,
"16b01ef3-3752-4946-b6ca-b2a35b998702","D02","POSE","POSE.AOS.S2","POSE.SS.20231212.FIL","A00000325110","2023-12-12T13:04Z","2023-12-12T13:04Z","Illinois State Water Survey Central Analytical Laboratory",314.0,0.05410,1,"2023-12-14","B",,
"9f39628f-e440-4c61-95d1-34bdb8f11f4f","D02","POSE","POSE.AOS.S2","POSE.SS.20231212.FIL","A00000325110","2023-12-12T13:04Z","2023-12-12T13:04Z","Illinois State Water Survey Central Analytical Laboratory",546.0,0.00300,1,"2023-12-14","B",,
"388b71f5-60dc-4032-89d3-f925bc0e8cff","D02","POSE","POSE.AOS.S2","POSE.SS.20231212.FIL","A00000325110","2023-12-12T13:04Z","2023-12-12T13:04Z","Illinois State Water Survey Central Analytical Laboratory",358.0,0.02990,1,"2023-12-14","B",,
"5fb0883c-9c1b-44ba-8a91-4c95c2d86439","D02","POSE","POSE.AOS.S2","POSE.SS.20231212.FIL","A00000325110","2023-12-12T13:04Z","2023-12-12T13:04Z","Illinois State Water Survey Central Analytical Laboratory",514.0,0.00410,1,"2023-12-14","B",,
"c86fa6e5-8fd1-4d39-9b03-bad9319afdd1","D02","POSE","POSE.AOS.S2","POSE.SS.20231212.FIL","A00000325110","2023-12-12T13:04Z","2023-12-12T13:04Z","Illinois State Water Survey Central Analytical Laboratory",228.0,0.16430,1,"2023-12-14","B",,
"2f1ccbdb-469c-41d5-bc76-526bb69eb19c","D02","POSE","POSE.AOS.S2","POSE.SS.20231212.FIL","A00000325110","2023-12-12T13:04Z","2023-12-12T13:04Z","Illinois State Water Survey Central Analytical Laboratory",546.0,0.00300,1,"2023-12-14","A",,
"cb85d8ba-ee21-4d13-90ef-1b19e7b73d5e","D02","POSE","POSE.AOS.S2","POSE.SS.20231212.FIL","A00000325110","2023-12-12T13:04Z","2023-12-12T13:04Z","Illinois State Water Survey Central Analytical Laboratory",506.0,0.00440,1,"2023-12-14","B",,
"67f1f3b2-9c75-4582-a404-f4f542e31aa5","D02","POSE","POSE.AOS.S2","POSE.SS.20231212.FIL","A00000325110","2023-12-12T13:04Z","2023-12-12T13:04Z","Illinois State Water Survey Central Analytical Laboratory",436.0,0.00990,1,"2023-12-14","A",,
"2c81e803-93e0-47b9-b96f-0275124b9a88","D02","POSE","POSE.AOS.S2","POSE.SS.20231212.FIL","A00000325110","2023-12-12T13:04Z","2023-12-12T13:04Z","Illinois State Water Survey Central Analytical Laboratory",554.0,0.00270,1,"2023-12-14","A",,
"a31ec97a-2b8f-4ee9-b956-1d3c0d939f62","D02","POSE","POSE.AOS.S2","POSE.SS.20231212.FIL","A00000325110","2023-12-12T13:04Z","2023-12-12T13:04Z","Illinois State Water Survey Central Analytical Laboratory",438.0,0.00950,1,"2023-12-14","A",,
"f21fb13b-4e67-4bf4-b0a8-fb8b70f5a26d","D02","POSE","POSE.AOS.S2","POSE.SS.20231212.FIL","A00000325110","2023-12-12T13:04Z","2023-12-12T13:04Z","Illinois State Water Survey Central Analytical Laboratory",380.0,0.02120,1,"2023-12-14","B",,
"4748b131-5d6c-4591-a5f0-7147f8d12bea","D02","POSE","POSE.AOS.S2","POSE.SS.20231212.FIL","A00000325110","2023-12-12T13:04Z","2023-12-12T13:04Z","Illinois State Water Survey Central Analytical Laboratory",262.0,0.09940,1,"2023-12-14","B",,
"de8833ea-f457-4f30-828e-0747242edbea","D02","POSE","POSE.AOS.S2","POSE.SS.20231212.FIL","A00000325110","2023-12-12T13:04Z","2023-12-12T13:04Z","Illinois State Water Survey Central Analytical Laboratory",566.0,0.00280,1,"2023-12-14","A",,
"5a916235-801d-4869-bf10-baba6710e879","D02","POSE","POSE.AOS.S2","POSE.SS.20231212.FIL","A00000325110","2023-12-12T13:04Z","2023-12-12T13:04Z","Illinois State Water Survey Central Analytical Laboratory",428.0,0.01070,1,"2023-12-14","B",,
"f08d254e-bcca-4db0-a217-e3e5e43cbcc1","D02","POSE","POSE.AOS.S2","POSE.SS.20231212.FIL","A00000325110","2023-12-12T13:04Z","2023-12-12T13:04Z","Illinois State Water Survey Central Analytical Laboratory",524.0,0.00370,1,"2023-12-14","B",,
"cc00e15b-6453-47b6-a92a-299a0445ae92","D02","POSE","POSE.AOS.S2","POSE.SS.20231212.FIL","A00000325110","2023-12-12T13:04Z","2023-12-12T13:04Z","Illinois State Water Survey Central Analytical Laboratory",332.0,0.04220,1,"2023-12-14","A",,
"40c0edea-500a-43c8-b5b5-c5ec2ee43d3f","D02","POSE","POSE.AOS.S2","POSE.SS.20231212.FIL","A00000325110","2023-12-12T13:04Z","2023-12-12T13:04Z","Illinois State Water Survey Central Analytical Laboratory",462.0,0.00640,1,"2023-12-14","A",,
"e6e4edea-ccd0-4860-b214-6e2203979475","D02","POSE","POSE.AOS.S2","POSE.SS.20231212.FIL","A00000325110","2023-12-12T13:04Z","2023-12-12T13:04Z","Illinois State Water Survey Central Analytical Laboratory",480.0,0.00630,1,"2023-12-14","A",,
"09bdc5d4-f4e6-46bc-99d4-a3a7aac4db76","D02","POSE","POSE.AOS.S2","POSE.SS.20231212.FIL","A00000325110","2023-12-12T13:04Z","2023-12-12T13:04Z","Illinois State Water Survey Central Analytical Laboratory",330.0,0.04370,1,"2023-12-14","B",,
"429fab55-5207-4ffa-8697-3b24b569d0d5","D02","POSE","POSE.AOS.S2","POSE.SS.20231212.FIL","A00000325110","2023-12-12T13:04Z","2023-12-12T13:04Z","Illinois State Water Survey Central Analytical Laboratory",298.0,0.06640,1,"2023-12-14","B",,
"081c75e1-f4ff-43a6-9d94-fd16b6c858f4","D02","POSE","POSE.AOS.S2","POSE.SS.20231212.FIL","A00000325110","2023-12-12T13:04Z","2023-12-12T13:04Z","Illinois State Water Survey Central Analytical Laboratory",304.0,0.06140,1,"2023-12-14","A",,
"681b4dc2-32e5-468b-96f7-5cd298ae18b1","D02","POSE","POSE.AOS.S2","POSE.SS.20231212.FIL","A00000325110","2023-12-12T13:04Z","2023-12-12T13:04Z","Illinois State Water Survey Central Analytical Laboratory",266.0,0.09540,1,"2023-12-14","A",,
"51dab2c7-e4f1-4094-844e-0f01ead4b841","D02","POSE","POSE.AOS.S2","POSE.SS.20231212.FIL","A00000325110","2023-12-12T13:04Z","2023-12-12T13:04Z","Illinois State Water Survey Central Analytical Laboratory",384.0,0.02010,1,"2023-12-14","A",,
"74403c8c-238b-41f2-9ca4-20bea76eebe2","D02","POSE","POSE.AOS.S2","POSE.SS.20231212.FIL","A00000325110","2023-12-12T13:04Z","2023-12-12T13:04Z","Illinois State Water Survey Central Analytical Laboratory",268.0,0.09370,1,"2023-12-14","A",,
"abb62cdb-c7a8-431e-bdd3-abe4b8bd7c33","D02","POSE","POSE.AOS.S2","POSE.SS.20231212.FIL","A00000325110","2023-12-12T13:04Z","2023-12-12T13:04Z","Illinois State Water Survey Central Analytical Laboratory",388.0,0.01890,1,"2023-12-14","B",,
"01b25cea-e441-4e51-8fbf-6b4e786fb804","D02","POSE","POSE.AOS.S2","POSE.SS.20231212.FIL","A00000325110","2023-12-12T13:04Z","2023-12-12T13:04Z","Illinois State Water Survey Central Analytical Laboratory",504.0,0.00460,1,"2023-12-14","B",,
"6575973d-73a0-4237-8f98-f2e3b4123532","D02","POSE","POSE.AOS.S2","POSE.SS.20231212.FIL","A00000325110","2023-12-12T13:04Z","2023-12-12T13:04Z","Illinois State Water Survey Central Analytical Laboratory",264.0,0.09710,1,"2023-12-14","A",,
"6cee4e32-693f-4bd0-afde-dd482d5691b2","D02","POSE","POSE.AOS.S2","POSE.SS.20231212.FIL","A00000325110","2023-12-12T13:04Z","2023-12-12T13:04Z","Illinois State Water Survey Central Analytical Laboratory",386.0,0.01950,1,"2023-12-14","B",,
"764f2018-3c63-4db5-99b3-e1f91254dbc5","D02","POSE","POSE.AOS.S2","POSE.SS.20231212.FIL","A00000325110","2023-12-12T13:04Z","2023-12-12T13:04Z","Illinois State Water Survey Central Analytical Laboratory",544.0,0.00310,1,"2023-12-14","A",,
"b40b0997-d758-41e7-a14c-033b46548738","D02","POSE","POSE.AOS.S2","POSE.SS.20231212.FIL","A00000325110","2023-12-12T13:04Z","2023-12-12T13:04Z","Illinois State Water Survey Central Analytical Laboratory",310.0,0.05690,1,"2023-12-14","A",,
"2eef8198-0523-4c03-989b-4d5381704685","D02","POSE","POSE.AOS.S2","POSE.SS.20231212.FIL","A00000325110","2023-12-12T13:04Z","2023-12-12T13:04Z","Illinois State Water Survey Central Analytical Laboratory",370.0,0.02490,1,"2023-12-14","B",,
"76a63f49-b61f-4194-90c6-b8db857d31e2","D02","POSE","POSE.AOS.S2","POSE.SS.20231212.FIL","A00000325110","2023-12-12T13:04Z","2023-12-12T13:04Z","Illinois State Water Survey Central Analytical Laboratory",466.0,0.00630,1,"2023-12-14","A",,
"0c775c1f-c6fc-4631-a14c-177a54d217cf","D02","POSE","POSE.AOS.S2","POSE.SS.20231212.FIL","A00000325110","2023-12-12T13:04Z","2023-12-12T13:04Z","Illinois State Water Survey Central Analytical Laboratory",352.0,0.03220,1,"2023-12-14","A",,
"c5ac805b-0158-4f7e-aecc-84b2e678d002","D02","POSE","POSE.AOS.S2","POSE.SS.20231212.FIL","A00000325110","2023-12-12T13:04Z","2023-12-12T13:04Z","Illinois State Water Survey Central Analytical Laboratory",600.0,0.00260,1,"2023-12-14","B",,
"646220ba-093f-48d5-9259-ae529303465d","D02","POSE","POSE.AOS.S2","POSE.SS.20231212.FIL","A00000325110","2023-12-12T13:04Z","2023-12-12T13:04Z","Illinois State Water Survey Central Analytical Laboratory",534.0,0.00350,1,"2023-12-14","B",,
"66eae217-f45b-416a-ac9f-e56a42c31c0c","D02","POSE","POSE.AOS.S2","POSE.SS.20231212.FIL","A00000325110","2023-12-12T13:04Z","2023-12-12T13:04Z","Illinois State Water Survey Central Analytical Laboratory",394.0,0.01730,1,"2023-12-14","A",,
"a78cefea-0c02-4b8c-b419-c51c3c6190b9","D02","POSE","POSE.AOS.S2","POSE.SS.20231212.FIL","A00000325110","2023-12-12T13:04Z","2023-12-12T13:04Z","Illinois State Water Survey Central Analytical Laboratory",586.0,0.00260,1,"2023-12-14","B",,
"fcdcb324-c18f-4dc8-923a-98dcde53f7eb","D02","POSE","POSE.AOS.S2","POSE.SS.20231212.FIL","A00000325110","2023-12-12T13:04Z","2023-12-12T13:04Z","Illinois State Water Survey Central Analytical Laboratory",360.0,0.02870,1,"2023-12-14","A",,
"21e7e4a1-fa9f-408e-b194-533f5ab12939","D02","POSE","POSE.AOS.S2","POSE.SS.20231212.FIL","A00000325110","2023-12-12T13:04Z","2023-12-12T13:04Z","Illinois State Water Survey Central Analytical Laboratory",304.0,0.06190,1,"2023-12-14","B",,
"416d41f7-f74e-415d-a686-f91d88f82237","D02","POSE","POSE.AOS.S2","POSE.SS.20231212.FIL","A00000325110","2023-12-12T13:04Z","2023-12-12T13:04Z","Illinois State Water Survey Central Analytical Laboratory",456.0,0.00730,1,"2023-12-14","B",,
"36956bde-f197-4529-a04e-08af9fb5b42f","D02","POSE","POSE.AOS.S2","POSE.SS.20231212.FIL","A00000325110","2023-12-12T13:04Z","2023-12-12T13:04Z","Illinois State Water Survey Central Analytical Laboratory",478.0,0.00620,1,"2023-12-14","A",,
"1ec1d140-67a1-404b-a2fa-f5c96e00418c","D02","POSE","POSE.AOS.S2","POSE.SS.20231212.FIL","A00000325110","2023-12-12T13:04Z","2023-12-12T13:04Z","Illinois State Water Survey Central Analytical Laboratory",472.0,0.00630,1,"2023-12-14","A",,
"473b755c-18b2-4fe1-bdc3-643c32d48584","D02","POSE","POSE.AOS.S2","POSE.SS.20231212.FIL","A00000325110","2023-12-12T13:04Z","2023-12-12T13:04Z","Illinois State Water Survey Central Analytical Laboratory",552.0,0.00320,1,"2023-12-14","A",,
"cd20ffec-bf92-4c94-831b-9eedb638a02e","D02","POSE","POSE.AOS.S2","POSE.SS.20231212.FIL","A00000325110","2023-12-12T13:04Z","2023-12-12T13:04Z","Illinois State Water Survey Central Analytical Laboratory",548.0,0.00310,1,"2023-12-14","A",,
"c305224f-47dd-409a-ad4d-802173508193","D02","POSE","POSE.AOS.S2","POSE.SS.20231212.FIL","A00000325110","2023-12-12T13:04Z","2023-12-12T13:04Z","Illinois State Water Survey Central Analytical Laboratory",490.0,0.00550,1,"2023-12-14","B",,
"4dbe16e8-d6cd-41c7-a347-eaacdede9dd2","D02","POSE","POSE.AOS.S2","POSE.SS.20231212.FIL","A00000325110","2023-12-12T13:04Z","2023-12-12T13:04Z","Illinois State Water Survey Central Analytical Laboratory",276.0,0.08720,1,"2023-12-14","B",,
"6f9bfba7-57c0-45f2-a164-5544d0efbc83","D02","POSE","POSE.AOS.S2","POSE.SS.20231212.FIL","A00000325110","2023-12-12T13:04Z","2023-12-12T13:04Z","Illinois State Water Survey Central Analytical Laboratory",574.0,0.00250,1,"2023-12-14","B",,
"ec1e3c92-5cb5-40b3-9b3b-e12fd3a466a7","D02","POSE","POSE.AOS.S2","POSE.SS.20231212.FIL","A00000325110","2023-12-12T13:04Z","2023-12-12T13:04Z","Illinois State Water Survey Central Analytical Laboratory",392.0,0.01770,1,"2023-12-14","A",,
"f41afdd1-1468-4047-8848-c23a2a831fac","D02","POSE","POSE.AOS.S2","POSE.SS.20231212.FIL","A00000325110","2023-12-12T13:04Z","2023-12-12T13:04Z","Illinois State Water Survey Central Analytical Laboratory",572.0,0.00250,1,"2023-12-14","A",,
"d1f59d87-6ccf-4e8f-b95e-3ad897f87e58","D02","POSE","POSE.AOS.S2","POSE.SS.20231212.FIL","A00000325110","2023-12-12T13:04Z","2023-12-12T13:04Z","Illinois State Water Survey Central Analytical Laboratory",548.0,0.00300,1,"2023-12-14","B",,
"f444682e-371b-4d43-9712-fd40ea0b47bf","D02","POSE","POSE.AOS.S2","POSE.SS.20231212.FIL","A00000325110","2023-12-12T13:04Z","2023-12-12T13:04Z","Illinois State Water Survey Central Analytical Laboratory",296.0,0.06790,1,"2023-12-14","B",,
"19eb21f1-beb2-48ca-8db3-c30e4ce7a6db","D02","POSE","POSE.AOS.S2","POSE.SS.20231212.FIL","A00000325110","2023-12-12T13:04Z","2023-12-12T13:04Z","Illinois State Water Survey Central Analytical Laboratory",596.0,0.00220,1,"2023-12-14","A",,
"ccfe7bc4-db1b-49eb-b677-964bfe7d4c4c","D02","POSE","POSE.AOS.S2","POSE.SS.20231212.FIL","A00000325110","2023-12-12T13:04Z","2023-12-12T13:04Z","Illinois State Water Survey Central Analytical Laboratory",472.0,0.00640,1,"2023-12-14","B",,
"8e15e1df-73da-4602-a392-9c988d4073f5","D02","POSE","POSE.AOS.S2","POSE.SS.20231212.FIL","A00000325110","2023-12-12T13:04Z","2023-12-12T13:04Z","Illinois State Water Survey Central Analytical Laboratory",598.0,0.00230,1,"2023-12-14","B",,
"e3139da4-e297-48b2-9e42-46838dd78548","D02","POSE","POSE.AOS.S2","POSE.SS.20231212.FIL","A00000325110","2023-12-12T13:04Z","2023-12-12T13:04Z","Illinois State Water Survey Central Analytical Laboratory",336.0,0.04000,1,"2023-12-14","A",,
"b74770b6-8b3d-4dba-b0b3-1968e6a9796d","D02","POSE","POSE.AOS.S2","POSE.SS.20231212.FIL","A00000325110","2023-12-12T13:04Z","2023-12-12T13:04Z","Illinois State Water Survey Central Analytical Laboratory",364.0,0.02710,1,"2023-12-14","A",,
"451fc966-f0f2-478e-9c01-2c7acb3e6476","D02","POSE","POSE.AOS.S2","POSE.SS.20231212.FIL","A00000325110","2023-12-12T13:04Z","2023-12-12T13:04Z","Illinois State Water Survey Central Analytical Laboratory",410.0,0.01380,1,"2023-12-14","B",,
"94c3ab4f-109b-4e8f-99e0-73b9c932dda7","D02","POSE","POSE.AOS.S2","POSE.SS.20231212.FIL","A00000325110","2023-12-12T13:04Z","2023-12-12T13:04Z","Illinois State Water Survey Central Analytical Laboratory",258.0,0.10210,1,"2023-12-14","A",,
"772a579b-dcbb-42e3-bdf1-f0b865ec34da","D02","POSE","POSE.AOS.S2","POSE.SS.20231212.FIL","A00000325110","2023-12-12T13:04Z","2023-12-12T13:04Z","Illinois State Water Survey Central Analytical Laboratory",458.0,0.00720,1,"2023-12-14","B",,
"80304e8d-5ded-4ad1-88be-e89caad77f4a","D02","POSE","POSE.AOS.S2","POSE.SS.20231212.FIL","A00000325110","2023-12-12T13:04Z","2023-12-12T13:04Z","Illinois State Water Survey Central Analytical Laboratory",576.0,0.00260,1,"2023-12-14","A",,
"787523f8-4ffa-4d2c-9414-b60290d4155a","D02","POSE","POSE.AOS.S2","POSE.SS.20231212.FIL","A00000325110","2023-12-12T13:04Z","2023-12-12T13:04Z","Illinois State Water Survey Central Analytical Laboratory",288.0,0.07550,1,"2023-12-14","A",,
"4c1a6831-86c2-4eaa-8f6d-9dc9cfcbe0ab","D02","POSE","POSE.AOS.S2","POSE.SS.20231212.FIL","A00000325110","2023-12-12T13:04Z","2023-12-12T13:04Z","Illinois State Water Survey Central Analytical Laboratory",580.0,0.00260,1,"2023-12-14","A",,
"d56da9cc-c33d-4b48-a566-2fecb9065dd5","D02","POSE","POSE.AOS.S2","POSE.SS.20231212.FIL","A00000325110","2023-12-12T13:04Z","2023-12-12T13:04Z","Illinois State Water Survey Central Analytical Laboratory",534.0,0.00330,1,"2023-12-14","A",,
"e6c9472f-58a9-48c9-bbba-522219515372","D02","POSE","POSE.AOS.S2","POSE.SS.20231212.FIL","A00000325110","2023-12-12T13:04Z","2023-12-12T13:04Z","Illinois State Water Survey Central Analytical Laboratory",368.0,0.02570,1,"2023-12-14","B",,
"88fdbb83-b81b-434c-853b-cab11316a33a","D02","POSE","POSE.AOS.S2","POSE.SS.20231212.FIL","A00000325110","2023-12-12T13:04Z","2023-12-12T13:04Z","Illinois State Water Survey Central Analytical Laboratory",284.0,0.07990,1,"2023-12-14","B",,
"afb5f1f6-108b-4afe-89c2-34ecd091e1d2","D02","POSE","POSE.AOS.S2","POSE.SS.20231212.FIL","A00000325110","2023-12-12T13:04Z","2023-12-12T13:04Z","Illinois State Water Survey Central Analytical Laboratory",540.0,0.00330,1,"2023-12-14","B",,
"9be68022-f8bc-4e96-875d-2c99aa5083df","D02","POSE","POSE.AOS.S2","POSE.SS.20231212.FIL","A00000325110","2023-12-12T13:04Z","2023-12-12T13:04Z","Illinois State Water Survey Central Analytical Laboratory",340.0,0.03790,1,"2023-12-14","B",,
"b13f1b8c-c7bd-4130-ad89-85a0dc740883","D02","POSE","POSE.AOS.S2","POSE.SS.20231212.FIL","A00000325110","2023-12-12T13:04Z","2023-12-12T13:04Z","Illinois State Water Survey Central Analytical Laboratory",272.0,0.09060,1,"2023-12-14","B",,
"b83ce766-4e5e-4b11-87a3-10fea50484b5","D02","POSE","POSE.AOS.S2","POSE.SS.20231212.FIL","A00000325110","2023-12-12T13:04Z","2023-12-12T13:04Z","Illinois State Water Survey Central Analytical Laboratory",308.0,0.05830,1,"2023-12-14","A",,
"b312b6c4-c9c9-47b5-9a3c-a6ad10c4e9b8","D02","POSE","POSE.AOS.S2","POSE.SS.20231212.FIL","A00000325110","2023-12-12T13:04Z","2023-12-12T13:04Z","Illinois State Water Survey Central Analytical Laboratory",340.0,0.03770,1,"2023-12-14","A",,
"4afe5f4f-d761-424c-a651-ea88da8bb75e","D02","POSE","POSE.AOS.S2","POSE.SS.20231212.FIL","A00000325110","2023-12-12T13:04Z","2023-12-12T13:04Z","Illinois State Water Survey Central Analytical Laboratory",256.0,0.10440,1,"2023-12-14","A",,
"47a6a261-9c5f-4bc7-8700-08062b2e4a35","D02","POSE","POSE.AOS.S2","POSE.SS.20231212.FIL","A00000325110","2023-12-12T13:04Z","2023-12-12T13:04Z","Illinois State Water Survey Central Analytical Laboratory",378.0,0.02220,1,"2023-12-14","B",,
"3d87c980-d523-40ef-827d-f1f87b62fb68","D02","POSE","POSE.AOS.S2","POSE.SS.20231212.FIL","A00000325110","2023-12-12T13:04Z","2023-12-12T13:04Z","Illinois State Water Survey Central Analytical Laboratory",470.0,0.00650,1,"2023-12-14","B",,
"b418a2bd-6c70-4ccd-b800-8f1e425aed21","D02","POSE","POSE.AOS.S2","POSE.SS.20231212.FIL","A00000325110","2023-12-12T13:04Z","2023-12-12T13:04Z","Illinois State Water Survey Central Analytical Laboratory",314.0,0.05370,1,"2023-12-14","A",,
"6fa883f0-fee1-46d1-b67f-d0b810136d35","D02","POSE","POSE.AOS.S2","POSE.SS.20231212.FIL","A00000325110","2023-12-12T13:04Z","2023-12-12T13:04Z","Illinois State Water Survey Central Analytical Laboratory",252.0,0.10920,1,"2023-12-14","B",,
"a04cf5fa-09b8-499b-a939-1d9f01b55238","D02","POSE","POSE.AOS.S2","POSE.SS.20231212.FIL","A00000325110","2023-12-12T13:04Z","2023-12-12T13:04Z","Illinois State Water Survey Central Analytical Laboratory",588.0,0.00240,1,"2023-12-14","A",,
"b7ded3eb-3643-4080-b8f8-703152a5d620","D02","POSE","POSE.AOS.S2","POSE.SS.20231212.FIL","A00000325110","2023-12-12T13:04Z","2023-12-12T13:04Z","Illinois State Water Survey Central Analytical Laboratory",530.0,0.00330,1,"2023-12-14","A",,
"4e64b8a9-f57e-44e3-b825-0489e61ad1b6","D02","POSE","POSE.AOS.S2","POSE.SS.20231212.FIL","A00000325110","2023-12-12T13:04Z","2023-12-12T13:04Z","Illinois State Water Survey Central Analytical Laboratory",416.0,0.01210,1,"2023-12-14","A",,
"e0504563-e962-4f46-991d-d047ee8c83a1","D02","POSE","POSE.AOS.S2","POSE.SS.20231212.FIL","A00000325110","2023-12-12T13:04Z","2023-12-12T13:04Z","Illinois State Water Survey Central Analytical Laboratory",530.0,0.00360,1,"2023-12-14","B",,
"1a17142e-78c3-4987-b00d-db29c7e9c3b6","D02","POSE","POSE.AOS.S2","POSE.SS.20231212.FIL","A00000325110","2023-12-12T13:04Z","2023-12-12T13:04Z","Illinois State Water Survey Central Analytical Laboratory",368.0,0.02540,1,"2023-12-14","A",,
"e1582a3d-813d-4a4a-a201-d4bcbeac1ece","D02","POSE","POSE.AOS.S2","POSE.SS.20231212.FIL","A00000325110","2023-12-12T13:04Z","2023-12-12T13:04Z","Illinois State Water Survey Central Analytical Laboratory",282.0,0.08120,1,"2023-12-14","A",,
"1e1794d2-f4b6-4d5a-81ab-c968ea7206c1","D02","POSE","POSE.AOS.S2","POSE.SS.20231212.FIL","A00000325110","2023-12-12T13:04Z","2023-12-12T13:04Z","Illinois State Water Survey Central Analytical Laboratory",286.0,0.07730,1,"2023-12-14","A",,
"69be6bca-225b-45ce-890f-65990d0ee135","D02","POSE","POSE.AOS.S2","POSE.SS.20231212.FIL","A00000325110","2023-12-12T13:04Z","2023-12-12T13:04Z","Illinois State Water Survey Central Analytical Laboratory",502.0,0.00470,1,"2023-12-14","A",,
"7897843c-e799-4ec1-b350-6d3cd4fbc76e","D02","POSE","POSE.AOS.S2","POSE.SS.20231212.FIL","A00000325110","2023-12-12T13:04Z","2023-12-12T13:04Z","Illinois State Water Survey Central Analytical Laboratory",374.0,0.02350,1,"2023-12-14","B",,
"09cbaf2f-7bde-4514-92ca-6c1462f9a957","D02","POSE","POSE.AOS.S2","POSE.SS.20231212.FIL","A00000325110","2023-12-12T13:04Z","2023-12-12T13:04Z","Illinois State Water Survey Central Analytical Laboratory",226.0,0.17450,1,"2023-12-14","B",,
"325d1d20-1a89-40f9-818a-0632103fed08","D02","POSE","POSE.AOS.S2","POSE.SS.20231212.FIL","A00000325110","2023-12-12T13:04Z","2023-12-12T13:04Z","Illinois State Water Survey Central Analytical Laboratory",320.0,0.05020,1,"2023-12-14","B",,
"ffc021c1-598b-4e17-8c3d-ababc000784f","D02","POSE","POSE.AOS.S2","POSE.SS.20231212.FIL","A00000325110","2023-12-12T13:04Z","2023-12-12T13:04Z","Illinois State Water Survey Central Analytical Laboratory",228.0,0.16330,1,"2023-12-14","A",,
"9e674da7-3f10-4b33-85a3-d51053493174","D02","POSE","POSE.AOS.S2","POSE.SS.20231212.FIL","A00000325110","2023-12-12T13:04Z","2023-12-12T13:04Z","Illinois State Water Survey Central Analytical Laboratory",302.0,0.06310,1,"2023-12-14","A",,
"66ecdbcc-93d0-4ea9-8b4c-946c388721cf","D02","POSE","POSE.AOS.S2","POSE.SS.20231212.FIL","A00000325110","2023-12-12T13:04Z","2023-12-12T13:04Z","Illinois State Water Survey Central Analytical Laboratory",406.0,0.01460,1,"2023-12-14","A",,
"e32ed218-fa41-43b8-b8df-b6c34628cb1e","D02","POSE","POSE.AOS.S2","POSE.SS.20231212.FIL","A00000325110","2023-12-12T13:04Z","2023-12-12T13:04Z","Illinois State Water Survey Central Analytical Laboratory",420.0,0.01160,1,"2023-12-14","A",,
"1a0b2a74-ba7d-4876-8dbe-72030785e05d","D02","POSE","POSE.AOS.S2","POSE.SS.20231212.FIL","A00000325110","2023-12-12T13:04Z","2023-12-12T13:04Z","Illinois State Water Survey Central Analytical Laboratory",446.0,0.00830,1,"2023-12-14","A",,
"b87e76bd-7842-41e5-88df-ee5aa5168933","D02","POSE","POSE.AOS.S2","POSE.SS.20231212.FIL","A00000325110","2023-12-12T13:04Z","2023-12-12T13:04Z","Illinois State Water Survey Central Analytical Laboratory",298.0,0.06600,1,"2023-12-14","A",,
"fbfcf417-5fa6-4edf-9192-5946072833ed","D02","POSE","POSE.AOS.S2","POSE.SS.20231212.FIL","A00000325110","2023-12-12T13:04Z","2023-12-12T13:04Z","Illinois State Water Survey Central Analytical Laboratory",484.0,0.00590,1,"2023-12-14","B",,
"2bfb3649-de4c-4c63-b7a8-38ce337464dc","D02","POSE","POSE.AOS.S2","POSE.SS.20231212.FIL","A00000325110","2023-12-12T13:04Z","2023-12-12T13:04Z","Illinois State Water Survey Central Analytical Laboratory",376.0,0.02300,1,"2023-12-14","B",,
"46424499-1440-4af2-9339-a6682b6926f4","D02","POSE","POSE.AOS.S2","POSE.SS.20231212.FIL","A00000325110","2023-12-12T13:04Z","2023-12-12T13:04Z","Illinois State Water Survey Central Analytical Laboratory",510.0,0.00420,1,"2023-12-14","A",,
"f3ff4a3d-6bfb-402e-80f2-315406d552cd","D02","POSE","POSE.AOS.S2","POSE.SS.20231212.FIL","A00000325110","2023-12-12T13:04Z","2023-12-12T13:04Z","Illinois State Water Survey Central Analytical Laboratory",326.0,0.04580,1,"2023-12-14","A",,
"964aa854-9a7f-4f3f-9e58-c62673e5a0c2","D02","POSE","POSE.AOS.S2","POSE.SS.20231212.FIL","A00000325110","2023-12-12T13:04Z","2023-12-12T13:04Z","Illinois State Water Survey Central Analytical Laboratory",312.0,0.05530,1,"2023-12-14","A",,
"8b1d2bc2-6567-498d-ba2d-9ede9ff201a3","D02","POSE","POSE.AOS.S2","POSE.SS.20231212.FIL","A00000325110","2023-12-12T13:04Z","2023-12-12T13:04Z","Illinois State Water Survey Central Analytical Laboratory",516.0,0.00400,1,"2023-12-14","B",,
"fe464a99-8094-4b53-8813-f11a6c43b439","D02","POSE","POSE.AOS.S2","POSE.SS.20231212.FIL","A00000325110","2023-12-12T13:04Z","2023-12-12T13:04Z","Illinois State Water Survey Central Analytical Laboratory",300.0,0.06440,1,"2023-12-14","A",,
"4a1c235b-c421-45a2-bad6-e1c95c660f1a","D02","POSE","POSE.AOS.S2","POSE.SS.20231212.FIL","A00000325110","2023-12-12T13:04Z","2023-12-12T13:04Z","Illinois State Water Survey Central Analytical Laboratory",248.0,0.11450,1,"2023-12-14","B",,
"198b24c1-60e1-43d0-b6b6-12c200e6e40f","D02","POSE","POSE.AOS.S2","POSE.SS.20231212.FIL","A00000325110","2023-12-12T13:04Z","2023-12-12T13:04Z","Illinois State Water Survey Central Analytical Laboratory",516.0,0.00330,1,"2023-12-14","A",,
"8db37136-7bd9-4a9a-9e92-6c470d2fcf0e","D02","POSE","POSE.AOS.S2","POSE.SS.20231212.FIL","A00000325110","2023-12-12T13:04Z","2023-12-12T13:04Z","Illinois State Water Survey Central Analytical Laboratory",536.0,0.00350,1,"2023-12-14","B",,
"ad7cc355-1a07-4556-a29b-1f1ca7cd1fa2","D02","POSE","POSE.AOS.S2","POSE.SS.20231212.FIL","A00000325110","2023-12-12T13:04Z","2023-12-12T13:04Z","Illinois State Water Survey Central Analytical Laboratory",526.0,0.00370,1,"2023-12-14","B",,
"2a459a0a-4dcc-4ac7-b441-d52f26d973ab","D02","POSE","POSE.AOS.S2","POSE.SS.20231212.FIL","A00000325110","2023-12-12T13:04Z","2023-12-12T13:04Z","Illinois State Water Survey Central Analytical Laboratory",434.0,0.01020,1,"2023-12-14","B",,
"2589136d-4558-4d7a-8e50-59f18e1cd6ae","D02","POSE","POSE.AOS.S2","POSE.SS.20231212.FIL","A00000325110","2023-12-12T13:04Z","2023-12-12T13:04Z","Illinois State Water Survey Central Analytical Laboratory",322.0,0.04880,1,"2023-12-14","B",,
"c0b02f41-8526-4251-89b5-991768ac3e51","D02","POSE","POSE.AOS.S2","POSE.SS.20231212.FIL","A00000325110","2023-12-12T13:04Z","2023-12-12T13:04Z","Illinois State Water Survey Central Analytical Laboratory",322.0,0.04840,1,"2023-12-14","A",,
"6a65c949-78b0-4d6e-bd15-4953248c0534","D02","POSE","POSE.AOS.S2","POSE.SS.20231212.FIL","A00000325110","2023-12-12T13:04Z","2023-12-12T13:04Z","Illinois State Water Survey Central Analytical Laboratory",542.0,0.00340,1,"2023-12-14","A",,
"285cef08-61a6-4f4d-a89c-300c8ac51996","D02","POSE","POSE.AOS.S2","POSE.SS.20231212.FIL","A00000325110","2023-12-12T13:04Z","2023-12-12T13:04Z","Illinois State Water Survey Central Analytical Laboratory",346.0,0.03520,1,"2023-12-14","B",,
"5ef4e5a5-fe89-46c3-8074-38774767437a","D02","POSE","POSE.AOS.S2","POSE.SS.20231212.FIL","A00000325110","2023-12-12T13:04Z","2023-12-12T13:04Z","Illinois State Water Survey Central Analytical Laboratory",592.0,0.00270,1,"2023-12-14","A",,
"f6d7cb54-b9ef-4f7c-9b05-b36b3b43d9be","D02","POSE","POSE.AOS.S2","POSE.SS.20231212.FIL","A00000325110","2023-12-12T13:04Z","2023-12-12T13:04Z","Illinois State Water Survey Central Analytical Laboratory",494.0,0.00520,1,"2023-12-14","A",,
"376fcc0b-b169-4880-b7bd-be1db910964a","D02","POSE","POSE.AOS.S2","POSE.SS.20231212.FIL","A00000325110","2023-12-12T13:04Z","2023-12-12T13:04Z","Illinois State Water Survey Central Analytical Laboratory",518.0,0.00350,1,"2023-12-14","A",,
"58aac1e9-e521-44cf-8586-3446473d424d","D02","POSE","POSE.AOS.S2","POSE.SS.20231212.FIL","A00000325110","2023-12-12T13:04Z","2023-12-12T13:04Z","Illinois State Water Survey Central Analytical Laboratory",558.0,0.00310,1,"2023-12-14","A",,
"2cbd8f26-3b8a-4a1b-baf7-c1a10e0e1d8e","D02","POSE","POSE.AOS.S2","POSE.SS.20231212.FIL","A00000325110","2023-12-12T13:04Z","2023-12-12T13:04Z","Illinois State Water Survey Central Analytical Laboratory",230.0,0.15730,1,"2023-12-14","B",,
